,Year,Manufacturer,Model,charge240,feScore,fuelCost08,fuelType1,VClass
0,2017,,0,0.0,3.0,3850.0,0,0
3,2017,,1,0.0,6.0,2400.0,0,1
10,2017,,2,0.0,3.0,3650.0,0,0
11,2017,,3,0.0,2.0,4100.0,0,0
17,2017,,4,0.0,7.0,1700.0,1,2
26,2017,,5,0.0,5.0,2700.0,0,1
28,2017,,6,0.0,6.0,2500.0,0,0
29,2016,,7,0.0,6.0,1950.0,1,2
31,2017,,8,0.0,5.0,2700.0,0,1
32,2017,,9,0.0,1.0,4650.0,0,2
42,2017,,10,0.0,3.0,3650.0,0,0
43,2017,,11,0.0,6.0,2050.0,1,2
46,2017,,12,0.0,5.0,2200.0,1,0
47,2017,,12,0.0,4.0,2550.0,1,0
48,2017,,13,0.0,5.0,2200.0,1,0
49,2017,,14,0.0,5.0,2300.0,1,0
57,2017,,15,0.0,5.0,2850.0,0,2
86,2017,,16,0.0,1.0,5050.0,0,1
91,2017,,17,0.0,7.0,2050.0,0,1
93,2017,,18,0.0,5.0,2600.0,0,2
94,2017,,19,0.0,4.0,3250.0,0,2
95,2017,,20,0.0,4.0,3450.0,0,2
103,2017,,21,0.0,6.0,2400.0,0,1
105,2017,,22,0.0,5.0,2700.0,0,0
106,2017,,23,0.0,6.0,2350.0,0,0
116,2017,,24,0.0,5.0,2600.0,0,0
117,2017,,25,0.0,6.0,2400.0,0,0
118,2017,,26,0.0,8.0,1600.0,1,0
119,2017,,27,0.0,8.0,1500.0,1,0
120,2017,,28,0.0,5.0,2850.0,0,2
121,2017,,29,0.0,5.0,2600.0,0,2
122,2017,,30,0.0,6.0,2400.0,0,2
123,2017,,31,0.0,5.0,2600.0,0,2
140,2017,,32,0.0,5.0,2600.0,0,0
141,2017,,33,0.0,5.0,2600.0,0,2
142,2017,,34,0.0,6.0,1950.0,1,2
143,2017,,35,0.0,7.0,1850.0,1,2
144,2017,,36,0.0,7.0,1850.0,1,2
150,2017,,37,0.0,6.0,2050.0,1,0
151,2017,,38,0.0,5.0,2850.0,0,2
152,2017,,33,0.0,5.0,2850.0,0,2
153,2017,,39,0.0,6.0,2350.0,0,2
164,2017,,40,0.0,7.0,1700.0,1,2
165,2017,,41,0.0,8.0,1700.0,2,2
166,2017,,42,0.0,6.0,2050.0,1,2
178,2017,,43,0.0,5.0,2600.0,0,0
179,2017,,44,0.0,4.0,3250.0,0,2
180,2017,,45,0.0,7.0,1750.0,1,2
189,2017,,46,0.0,4.0,3100.0,0,0
190,2017,,47,0.0,6.0,2400.0,0,2
204,2017,,48,2.0,8.0,2350.0,0,0
205,2017,,49,0.0,2.0,4100.0,0,0
214,2017,,50,0.0,7.0,1700.0,1,2
215,2017,,50,0.0,7.0,1850.0,1,2
216,2017,,50,0.0,7.0,1700.0,1,2
223,2017,,51,0.0,4.0,3100.0,0,2
224,2017,,52,0.0,6.0,2500.0,0,2
238,2017,,53,0.0,8.0,1600.0,2,2
240,2017,,54,0.0,5.0,2950.0,0,1
241,2017,,55,0.0,7.0,1650.0,1,0
249,2017,,56,0.0,7.0,1700.0,1,0
250,2017,,57,0.0,8.0,1500.0,1,0
252,2017,,58,0.0,8.0,1550.0,1,2
253,2017,,58,0.0,7.0,1850.0,1,2
254,2017,,59,0.0,7.0,1700.0,1,2
261,2017,,60,5.0,10.0,650.0,3,2
279,2018,,61,0.0,6.0,2400.0,0,0
282,2018,,62,0.0,5.0,2700.0,0,0
288,2018,,63,0.0,5.0,2500.0,0,0
289,2018,,2,0.0,3.0,3450.0,0,0
290,2018,,64,0.0,6.0,2400.0,0,2
291,2018,,65,0.0,6.0,2400.0,0,2
292,2018,,33,0.0,5.0,2600.0,0,2
293,2018,,66,0.0,5.0,2850.0,0,2
294,2018,,67,0.0,2.0,4100.0,0,2
296,2018,,68,0.0,3.0,3450.0,0,2
301,2018,,41,0.0,5.0,2850.0,0,2
304,2018,,69,0.0,7.0,2200.0,0,0
305,2018,,70,0.0,6.0,1850.0,1,2
323,2017,,71,0.0,7.0,2050.0,0,2
324,2018,,72,0.0,6.0,1900.0,1,0
325,2018,,73,0.0,8.0,1600.0,1,2
333,2018,,49,0.0,5.0,2300.0,1,0
334,2018,,49,0.0,2.0,4100.0,0,0
347,2018,,50,0.0,7.0,1700.0,1,2
348,2018,,50,0.0,7.0,1750.0,1,2
357,2018,,24,0.0,5.0,2600.0,0,0
358,2018,,74,0.0,6.0,1850.0,1,0
359,2018,,7,0.0,6.0,1850.0,1,2
360,2018,,15,0.0,5.0,2200.0,1,2
382,2018,,75,0.0,6.0,1950.0,1,0
399,2018,,76,0.0,5.0,2500.0,0,1
400,2018,,1,0.0,5.0,2600.0,0,1
401,2018,,77,0.0,6.0,2400.0,0,0
402,2018,,78,0.0,4.0,2950.0,0,0
403,2018,,79,0.0,4.0,2950.0,0,0
404,2018,,80,0.0,7.0,2050.0,0,0
405,2018,,81,0.0,5.0,2500.0,0,0
406,2018,,23,0.0,5.0,2500.0,0,0
408,2018,,82,0.0,5.0,2500.0,0,0
409,2018,,29,0.0,6.0,2400.0,0,2
410,2018,,38,0.0,5.0,2600.0,0,2
411,2018,,38,0.0,5.0,2850.0,0,2
412,2018,,83,0.0,8.0,1600.0,1,2
413,2018,,84,0.0,6.0,2350.0,0,2
415,2018,,85,0.0,8.0,1450.0,1,2
423,2018,,86,4.0,10.0,1250.0,1,2
425,2018,,87,0.0,5.0,2700.0,0,1
426,2018,,88,0.0,4.0,2950.0,0,1
427,2018,,89,0.0,4.0,3100.0,0,1
428,2018,,90,0.0,4.0,3100.0,0,1
430,2018,,91,0.0,5.0,2600.0,0,0
431,2018,,92,0.0,4.0,2950.0,0,0
450,2018,,93,0.0,3.0,3450.0,0,0
451,2018,,4,0.0,7.0,1650.0,1,2
452,2018,,4,0.0,7.0,1650.0,1,2
453,2018,,94,0.0,4.0,3250.0,0,2
454,2018,,95,0.0,4.0,3250.0,0,2
455,2018,,96,0.0,7.0,1750.0,1,2
466,2018,,97,0.0,4.0,3250.0,0,2
470,2018,,26,0.0,8.0,1600.0,1,0
472,2018,,98,0.0,6.0,1900.0,1,2
484,2018,,99,0.0,3.0,3450.0,0,1
499,2018,,100,0.0,7.0,1650.0,1,2
505,2018,,58,0.0,6.0,1900.0,1,2
512,2018,,12,0.0,3.0,2950.0,1,0
523,2018,,101,0.0,6.0,2400.0,0,1
524,2018,,102,0.0,5.0,2850.0,0,2
525,2018,,103,0.0,4.0,2950.0,0,2
541,2018,,104,0.0,3.0,3650.0,0,2
549,2018,,8,0.0,5.0,2700.0,0,1
550,2018,,105,0.0,3.0,3450.0,0,0
551,2018,,106,0.0,4.0,3100.0,0,0
558,2018,,107,5.0,10.0,650.0,3,0
576,2019,,108,0.0,4.0,2950.0,0,2
582,2018,,109,0.0,4.0,3100.0,0,2
583,2018,,110,0.0,2.0,4100.0,0,2
584,2018,,21,0.0,6.0,2400.0,0,1
586,2019,,17,0.0,7.0,2200.0,0,1
587,2019,,111,0.0,6.0,2400.0,0,0
589,2019,,81,0.0,6.0,2350.0,0,0
590,2019,,82,0.0,5.0,2500.0,0,0
591,2019,,112,0.0,6.0,2400.0,0,2
592,2019,,113,0.0,5.0,2700.0,0,2
594,2019,,114,0.0,4.0,3250.0,0,2
607,2019,,115,0.0,6.0,2350.0,0,2
615,2019,,116,3.0,8.0,2400.0,0,0
623,2019,,117,0.0,5.0,2600.0,0,1
624,2019,,118,0.0,5.0,2700.0,0,1
625,2019,,119,0.0,5.0,2700.0,0,1
626,2019,,120,0.0,5.0,2850.0,0,1
627,2019,,54,0.0,4.0,3100.0,0,1
628,2019,,54,0.0,4.0,2950.0,0,1
629,2019,,121,0.0,4.0,2950.0,0,1
634,2019,,89,0.0,4.0,3100.0,0,1
653,2019,,26,0.0,8.0,1600.0,1,0
668,2019,,12,0.0,5.0,2100.0,1,0
669,2019,,122,0.0,3.0,2950.0,1,0
670,2019,,123,0.0,8.0,1500.0,1,2
671,2019,,124,0.0,8.0,1600.0,1,2
673,2019,,55,0.0,8.0,1600.0,1,0
678,2019,,125,0.0,4.0,3100.0,0,1
690,2019,,15,0.0,5.0,2300.0,1,2
691,2019,,15,0.0,5.0,2600.0,0,2
697,2019,,126,0.0,5.0,2600.0,0,0
698,2019,,25,0.0,6.0,2400.0,0,0
699,2019,,127,0.0,4.0,3100.0,0,0
700,2019,,78,0.0,5.0,2700.0,0,0
701,2019,,128,0.0,5.0,2700.0,0,0
702,2019,,129,0.0,3.0,3450.0,0,0
703,2019,,130,0.0,4.0,3250.0,0,0
704,2019,,49,0.0,5.0,2600.0,0,0
705,2019,,131,0.0,6.0,1850.0,1,0
718,2019,,8,0.0,6.0,2400.0,0,1
725,2019,,132,2.0,8.0,2250.0,0,2
726,2019,,47,0.0,6.0,2400.0,0,2
733,2019,,91,0.0,5.0,2600.0,0,0
756,2019,,73,0.0,8.0,1550.0,1,2
783,2019,,133,0.0,4.0,3250.0,0,2
788,2019,,100,0.0,8.0,1600.0,1,2
793,2019,,134,0.0,3.0,3850.0,0,1
805,2019,,86,4.0,10.0,1250.0,1,2
806,2019,,135,0.0,5.0,2700.0,0,0
808,2019,,136,0.0,2.0,4100.0,0,0
816,2019,,62,0.0,5.0,2700.0,0,0
817,2019,,32,0.0,5.0,2600.0,0,0
819,2019,,137,0.0,4.0,2950.0,0,0
835,2019,,138,5.0,10.0,650.0,3,0
854,2019,,139,4.0,10.0,650.0,3,1
856,2019,,140,0.0,6.0,1850.0,1,0
857,2019,,29,0.0,7.0,2200.0,0,2
858,2019,,141,0.0,6.0,2350.0,0,2
872,2020,,142,0.0,7.0,1650.0,1,2
874,2019,,143,0.0,6.0,2350.0,0,0
880,2018,,144,0.0,4.0,3250.0,0,1
893,2020,,126,0.0,5.0,2600.0,0,0
894,2020,,145,0.0,6.0,2400.0,0,0
895,2020,,78,0.0,5.0,2600.0,0,0
896,2020,,128,0.0,5.0,2600.0,0,0
897,2020,,146,0.0,5.0,2850.0,0,0
898,2020,,147,0.0,5.0,2700.0,0,2
899,2020,,112,0.0,5.0,2700.0,0,2
900,2020,,33,0.0,5.0,2600.0,0,2
901,2020,,20,0.0,3.0,3450.0,0,2
902,2020,,148,0.0,3.0,3450.0,0,2
905,2020,,149,0.0,5.0,2850.0,0,2
910,2020,,150,0.0,4.0,3250.0,0,1
911,2020,,108,0.0,4.0,3250.0,0,2
912,2020,,151,0.0,8.0,1500.0,1,2
917,2019,,28,0.0,4.0,2400.0,1,2
923,2020,,26,0.0,7.0,1600.0,1,0
925,2020,,55,0.0,7.0,1650.0,1,0
926,2020,,55,0.0,7.0,1600.0,1,0
939,2020,,11,0.0,5.0,2600.0,0,2
955,2020,,101,0.0,5.0,2700.0,0,1
957,2020,,69,0.0,7.0,2200.0,0,0
958,2020,,68,0.0,3.0,3450.0,0,2
991,2020,,76,0.0,6.0,2250.0,0,1
992,2020,,1,0.0,6.0,2350.0,0,1
993,2020,,152,0.0,5.0,2850.0,0,0
994,2020,,82,0.0,6.0,2250.0,0,0
995,2020,,153,0.0,5.0,2850.0,0,2
996,2020,,154,0.0,5.0,2500.0,0,2
997,2020,,155,0.0,10.0,1150.0,1,2
1027,2020,,156,0.0,7.0,1750.0,1,2
1032,2020,,144,0.0,4.0,3250.0,0,1
1033,2020,,43,0.0,5.0,2700.0,0,0
1042,2020,,12,0.0,3.0,2800.0,1,0
1043,2020,,14,0.0,3.0,2950.0,1,0
1047,2020,,157,0.0,3.0,3450.0,0,1
1048,2020,,120,0.0,4.0,3250.0,0,1
1049,2020,,158,0.0,3.0,3850.0,0,0
1050,2020,,159,0.0,3.0,3850.0,0,0
1073,2020,,123,0.0,7.0,1700.0,1,2
1074,2020,,124,0.0,7.0,1600.0,1,2
1082,2020,,140,0.0,7.0,1750.0,1,0
1083,2020,,160,0.0,3.0,3850.0,0,2
1084,2020,,34,0.0,6.0,1950.0,1,2
1085,2020,,35,0.0,6.0,1900.0,1,2
1089,2020,,100,0.0,7.0,1600.0,1,2
1090,2020,,100,0.0,6.0,1850.0,1,2
1095,2020,,137,0.0,4.0,2950.0,0,0
1102,2020,,161,0.0,3.0,3650.0,0,0
1103,2020,,109,0.0,4.0,3250.0,0,2
1106,2020,,162,0.0,4.0,2950.0,0,0
1107,2020,,163,0.0,7.0,2200.0,0,2
1126,2020,,46,0.0,4.0,3100.0,0,0
1138,2020,,164,0.0,6.0,1850.0,1,2
1154,2020,,165,0.0,4.0,3250.0,0,1
1158,2020,,36,0.0,7.0,1650.0,1,2
1164,2020,,166,0.0,5.0,2700.0,0,2
1165,2020,,167,0.0,5.0,2850.0,0,2
1176,2021,,82,0.0,6.0,2250.0,0,0
1177,2021,,82,0.0,6.0,2400.0,0,0
1181,2020,,168,0.0,4.0,3250.0,0,0
1186,2021,,169,3.0,7.0,2600.0,0,2
1190,2021,,170,0.0,9.0,1000.0,1,2
1203,2021,,171,4.0,10.0,650.0,3,0
1210,2021,,26,0.0,7.0,1600.0,1,0
1211,2021,,55,0.0,7.0,1600.0,1,0
1222,2021,,124,0.0,7.0,1600.0,1,2
1224,2021,,157,0.0,3.0,3450.0,0,1
1238,2021,,172,0.0,1.0,4650.0,0,2
1239,2021,,173,0.0,1.0,4650.0,0,2
1249,2021,,174,0.0,5.0,2700.0,0,0
1250,2021,,175,0.0,4.0,3250.0,0,0
1251,2021,,49,0.0,4.0,2950.0,0,0
1252,2021,,49,0.0,5.0,2600.0,0,0
1264,2021,,176,0.0,5.0,2850.0,0,0
1265,2021,,177,0.0,5.0,2600.0,0,2
1279,2021,,150,0.0,4.0,3250.0,0,1
1280,2021,,62,0.0,5.0,2850.0,0,0
1281,2021,,126,0.0,6.0,2350.0,0,0
1291,2021,,29,0.0,6.0,2200.0,0,2
1293,2021,,164,0.0,6.0,1850.0,1,2
1297,2021,,178,0.0,7.0,1550.0,1,2
1311,2021,,179,9.0,9.0,2500.0,0,1
1312,2021,,180,0.0,5.0,2600.0,0,0
1313,2021,,167,0.0,5.0,2850.0,0,2
1332,2021,,181,0.0,6.0,2400.0,0,0
1333,2021,,106,0.0,4.0,2950.0,0,0
1334,2021,,182,0.0,5.0,2700.0,0,2
1335,2021,,34,0.0,6.0,1950.0,1,2
1336,2021,,36,0.0,7.0,1600.0,1,2
1347,2021,,32,0.0,4.0,2950.0,0,0
1348,2021,,183,0.0,5.0,2700.0,0,0
1350,2021,,184,0.0,6.0,1950.0,1,2
1362,2021,,185,0.0,4.0,3250.0,0,1
1377,2021,,118,0.0,4.0,3250.0,0,1
1378,2021,,87,0.0,4.0,3250.0,0,1
1379,2021,,165,0.0,4.0,3250.0,0,1
1380,2021,,94,0.0,4.0,3100.0,0,2
1381,2021,,186,0.0,4.0,3100.0,0,2
1386,2021,,160,0.0,3.0,3650.0,0,2
1404,2021,,187,0.0,4.0,2550.0,1,0
1405,2021,,14,0.0,5.0,2300.0,1,0
1406,2021,,188,0.0,1.0,4650.0,0,0
1417,2021,,132,3.0,8.0,2500.0,0,2
1426,2022,,17,0.0,7.0,2050.0,0,1
1427,2022,,189,0.0,3.0,3850.0,0,0
1430,2021,,111,0.0,6.0,2400.0,0,0
1432,2021,,190,7.0,10.0,650.0,3,0
1434,2022,,191,0.0,6.0,2250.0,0,0
1452,2022,,26,0.0,7.0,1600.0,1,0
1453,2022,,26,0.0,7.0,1600.0,1,0
1454,2022,,149,0.0,5.0,2850.0,0,2
1460,2022,,171,4.0,10.0,650.0,3,0
1468,2022,,192,0.0,4.0,3450.0,0,2
1485,2022,,193,0.0,7.0,1650.0,1,2
1486,2022,,170,0.0,9.0,1000.0,1,2
1491,2022,,61,0.0,5.0,2500.0,0,0
1492,2022,,194,0.0,4.0,3100.0,0,0
1507,2022,,195,0.0,6.0,2350.0,0,0
1508,2022,,196,0.0,5.0,2500.0,0,0
1509,2022,,197,0.0,3.0,3650.0,0,0
1510,2022,,198,0.0,6.0,2400.0,0,2
1520,2022,,49,0.0,5.0,2950.0,0,0
1525,2022,,192,0.0,5.0,2850.0,0,2
1531,2022,,199,3.0,8.0,2200.0,0,2
1534,2022,,101,0.0,5.0,2600.0,0,1
1535,2022,,200,0.0,5.0,2500.0,0,0
1536,2022,,64,0.0,6.0,2350.0,0,0
1537,2022,,201,0.0,8.0,1350.0,1,2
1538,2022,,85,0.0,8.0,1450.0,1,2
1557,2022,,202,0.0,3.0,3850.0,0,1
1558,2022,,125,0.0,3.0,3850.0,0,1
1559,2022,,203,0.0,3.0,3850.0,0,1
1568,2022,,165,0.0,4.0,3250.0,0,1
1569,2022,,119,0.0,4.0,3250.0,0,1
1570,2022,,88,0.0,4.0,3250.0,0,1
1571,2022,,204,0.0,4.0,3250.0,0,1
1579,2022,,205,0.0,8.0,1250.0,1,2
1589,2022,,32,0.0,5.0,2950.0,0,0
1590,2022,,206,0.0,5.0,2950.0,0,0
1591,2022,,105,0.0,4.0,3450.0,0,0
1592,2022,,51,0.0,5.0,2950.0,0,2
1613,2022,,154,0.0,5.0,2600.0,0,2
1638,2022,,207,0.0,5.0,2700.0,0,0
1659,2022,,208,10.0,10.0,1000.0,3,2
1668,2021,,209,0.0,6.0,2350.0,0,2
1674,2022,,96,0.0,6.0,1750.0,1,2
1701,2022,,156,0.0,6.0,1750.0,1,2
1707,2022,,12,0.0,5.0,2200.0,1,0
1719,2022,,210,3.0,8.0,2350.0,0,2
1720,2022,,211,3.0,7.0,2600.0,0,2
1721,2022,,54,0.0,4.0,3450.0,0,1
1722,2022,,212,0.0,4.0,3450.0,0,1
1745,2023,,17,0.0,6.0,2050.0,0,1
1753,2023,,152,0.0,5.0,2700.0,0,0
1766,2023,,49,0.0,3.0,4100.0,0,0
1767,2023,,49,0.0,4.0,3450.0,0,0
1777,2022,,213,0.0,3.0,4100.0,0,1
1778,2023,,75,0.0,6.0,1750.0,1,0
1786,2023,,134,0.0,3.0,3850.0,0,1
1787,2023,,214,0.0,3.0,3850.0,0,1
1797,2023,,196,0.0,5.0,2500.0,0,0
1798,2023,,215,0.0,5.0,2600.0,0,0
1799,2023,,197,0.0,4.0,3650.0,0,0
1800,2023,,216,0.0,5.0,2400.0,0,2
1802,2023,,217,0.0,5.0,2500.0,0,2
1803,2023,,166,0.0,5.0,2600.0,0,2
1804,2023,,217,0.0,5.0,2700.0,0,2
1805,2023,,201,0.0,7.0,1350.0,1,2
1806,2023,,85,0.0,7.0,1450.0,1,2
1807,2023,,35,0.0,7.0,1550.0,1,2
1808,2023,,218,0.0,6.0,2350.0,0,2
1825,2023,,111,0.0,6.0,2350.0,0,0
1826,2023,,65,0.0,6.0,2350.0,0,2
1827,2023,,205,0.0,8.0,1250.0,1,2
1836,2023,,219,0.0,5.0,2400.0,0,2
1837,2023,,220,0.0,6.0,2350.0,0,2
1838,2023,,4,0.0,7.0,1500.0,1,2
1856,2022,,221,10.0,10.0,850.0,3,2
1864,2023,,222,0.0,6.0,2250.0,0,2
1882,2023,,157,0.0,4.0,3650.0,0,1
1890,2023,,170,0.0,8.0,1150.0,1,2
1903,2023,,49,0.0,4.0,3250.0,0,0
1914,2023,,221,10.0,10.0,850.0,3,2
1915,2023,,223,10.0,10.0,850.0,3,2
1916,2023,,208,10.0,10.0,950.0,3,2
1919,2023,,224,0.0,4.0,3650.0,0,1
1925,2023,,5,0.0,4.0,3250.0,0,1
1926,2023,,90,0.0,4.0,3450.0,0,1
1927,2023,,54,0.0,4.0,3450.0,0,1
1928,2023,,125,0.0,3.0,3850.0,0,1
1929,2023,,203,0.0,3.0,3850.0,0,1
1931,2023,,225,0.0,4.0,3450.0,0,0
1932,2023,,226,0.0,5.0,2700.0,0,2
1949,2023,,227,0.0,5.0,2950.0,0,0
1950,2023,,228,0.0,5.0,2700.0,0,0
1951,2023,,229,0.0,4.0,3100.0,0,2
1957,2023,,211,3.0,6.0,2600.0,0,2
1972,2023,,230,0.0,3.0,3850.0,0,2
1977,2023,,12,0.0,5.0,2100.0,1,0
1978,2023,,14,0.0,4.0,2950.0,1,0
1979,2023,,14,0.0,5.0,2300.0,1,0
1980,2023,,14,0.0,5.0,2300.0,1,0
1981,2023,,231,0.0,5.0,2400.0,1,0
1982,2023,,105,0.0,4.0,3450.0,0,0
1983,2023,,156,0.0,6.0,1700.0,1,2
1984,2023,,184,0.0,6.0,1750.0,1,2
3735,2016,,10,0.0,4.0,3450.0,0,0
3740,2016,,232,0.0,4.0,3450.0,0,0
3741,2016,,2,0.0,4.0,3650.0,0,0
3742,2016,,233,0.0,4.0,3650.0,0,2
3756,2016,,234,0.0,5.0,2850.0,0,0
3760,2016,,88,0.0,5.0,3100.0,0,1
3765,2016,,235,0.0,6.0,2700.0,0,1
3770,2016,,42,0.0,6.0,2200.0,1,2
3771,2016,,42,0.0,6.0,1950.0,1,2
3772,2016,,236,0.0,5.0,2300.0,1,2
3773,2016,,11,0.0,5.0,2300.0,1,2
3777,2016,,117,0.0,5.0,2950.0,0,1
3778,2016,,237,0.0,5.0,2950.0,0,1
3779,2016,,118,0.0,5.0,2950.0,0,1
3780,2016,,118,0.0,5.0,2950.0,0,1
3781,2016,,119,0.0,5.0,2950.0,0,1
3782,2016,,165,0.0,5.0,3100.0,0,1
3783,2016,,89,0.0,5.0,3100.0,0,1
3784,2016,,90,0.0,5.0,3100.0,0,1
3785,2016,,54,0.0,5.0,3100.0,0,1
3786,2016,,157,0.0,3.0,4100.0,0,0
3811,2016,,61,0.0,5.0,2700.0,0,0
3812,2016,,140,0.0,6.0,1950.0,1,0
3813,2016,,24,0.0,6.0,2600.0,0,0
3823,2016,,238,0.0,5.0,2200.0,1,2
3824,2016,,238,0.0,6.0,2200.0,1,2
3825,2016,,98,0.0,7.0,1750.0,1,2
3826,2016,,98,0.0,7.0,1850.0,1,2
3842,2016,,50,0.0,7.0,1850.0,1,2
3855,2016,,81,0.0,7.0,2350.0,0,0
3856,2016,,239,0.0,6.0,2600.0,0,2
3857,2016,,133,0.0,4.0,3650.0,0,2
3858,2016,,96,0.0,8.0,1550.0,1,2
3859,2016,,96,0.0,7.0,1850.0,1,2
3860,2016,,34,0.0,7.0,1900.0,1,2
3861,2016,,36,0.0,7.0,1850.0,1,2
3862,2016,,36,0.0,7.0,1850.0,1,2
3863,2016,,240,0.0,6.0,2600.0,0,2
3877,2016,,157,0.0,2.0,4350.0,0,0
3878,2016,,241,0.0,5.0,2850.0,0,0
3879,2016,,131,0.0,7.0,1900.0,1,0
3880,2016,,242,0.0,6.0,2500.0,0,2
3881,2016,,243,0.0,7.0,2400.0,0,2
3882,2016,,244,0.0,6.0,2400.0,0,2
3883,2016,,245,0.0,7.0,2350.0,0,2
3884,2016,,246,0.0,6.0,2500.0,0,2
3897,2016,,247,0.0,5.0,2850.0,0,0
3898,2016,,15,0.0,6.0,2600.0,0,2
3899,2016,,248,0.0,7.0,1850.0,1,2
3900,2016,,95,0.0,4.0,3250.0,0,2
3911,2016,,249,0.0,7.0,2200.0,0,0
3922,2016,,12,0.0,5.0,2400.0,1,0
3923,2016,,250,0.0,3.0,4100.0,0,0
3936,2016,,58,0.0,7.0,1750.0,1,2
3954,2016,,35,0.0,8.0,1600.0,1,2
3958,2016,,155,0.0,10.0,1050.0,1,2
3959,2016,,49,0.0,4.0,3250.0,0,0
3960,2016,,49,0.0,4.0,3450.0,0,0
3990,2016,,49,0.0,6.0,2600.0,0,0
3991,2016,,49,0.0,5.0,2700.0,0,0
3998,2016,,251,0.0,8.0,1650.0,1,2
4000,2016,,100,0.0,8.0,1500.0,1,2
4001,2016,,100,0.0,8.0,1550.0,1,2
4002,2016,,172,0.0,2.0,4350.0,0,2
4004,2017,,201,0.0,9.0,1350.0,1,2
7966,2023,,213,0.0,3.0,4100.0,0,1
7975,2024,,17,0.0,6.0,2050.0,0,1
7976,2024,,76,0.0,6.0,2200.0,0,1
7977,2024,,76,0.0,5.0,2400.0,0,1
7978,2024,,111,0.0,6.0,2350.0,0,0
7979,2024,,252,0.0,4.0,3650.0,0,0
7980,2024,,253,0.0,5.0,2700.0,0,0
7981,2024,,176,0.0,5.0,2700.0,0,0
7982,2024,,254,0.0,3.0,3850.0,0,0
7983,2024,,80,0.0,6.0,2100.0,0,0
7984,2024,,81,0.0,5.0,2400.0,0,0
7986,2024,,65,0.0,6.0,2350.0,0,2
7987,2024,,112,0.0,5.0,2400.0,0,2
7995,2024,,195,0.0,5.0,2400.0,0,0
7996,2024,,255,0.0,5.0,2600.0,0,2
8001,2023,,121,0.0,4.0,3250.0,0,1
8016,2023,,256,10.0,10.0,700.0,3,0
9187,2017,,67,0.0,3.0,3850.0,0,2
9188,2017,,85,0.0,8.0,1500.0,1,2
9195,2017,,257,0.0,7.0,2250.0,0,2
9196,2017,,258,0.0,3.0,3650.0,0,2
9198,2017,,114,0.0,3.0,3650.0,0,2
9207,2017,,259,0.0,7.0,1700.0,1,2
9211,2017,,118,0.0,5.0,2700.0,0,1
9212,2017,,87,0.0,5.0,2850.0,0,1
9213,2017,,204,0.0,5.0,2700.0,0,1
9214,2017,,88,0.0,5.0,2950.0,0,1
9217,2017,,165,0.0,5.0,2700.0,0,1
9218,2017,,115,0.0,5.0,2700.0,0,2
9219,2017,,260,0.0,7.0,1700.0,1,2
9225,2017,,261,0.0,2.0,4100.0,0,0
9235,2017,,12,0.0,3.0,2950.0,1,0
9239,2017,,49,0.0,5.0,2400.0,1,0
9240,2017,,49,0.0,5.0,2850.0,0,0
9265,2017,,181,0.0,5.0,2700.0,0,0
9275,2017,,80,0.0,7.0,2200.0,0,0
9276,2017,,249,0.0,7.0,2050.0,0,0
9277,2017,,238,0.0,5.0,2200.0,1,2
9284,2017,,21,0.0,7.0,2200.0,0,1
9285,2017,,81,0.0,6.0,2350.0,0,0
9286,2017,,262,0.0,5.0,2850.0,0,2
9287,2017,,263,0.0,4.0,3450.0,0,2
9297,2017,,145,0.0,6.0,2400.0,0,0
9298,2017,,77,0.0,6.0,2500.0,0,0
9300,2017,,63,0.0,6.0,2500.0,0,0
9301,2017,,27,0.0,8.0,1550.0,1,0
9302,2017,,29,0.0,6.0,2400.0,0,2
9303,2017,,64,0.0,5.0,2600.0,0,2
9305,2017,,98,0.0,6.0,1900.0,1,2
9306,2017,,251,0.0,8.0,1550.0,1,2
9307,2017,,83,0.0,8.0,1600.0,1,2
9310,2017,,172,0.0,1.0,4650.0,0,2
9318,2017,,128,0.0,5.0,2600.0,0,0
9319,2017,,264,0.0,5.0,2950.0,0,0
9320,2017,,137,0.0,5.0,2700.0,0,0
9322,2017,,73,0.0,7.0,1650.0,1,2
9323,2017,,35,0.0,6.0,1950.0,1,2
9324,2017,,36,0.0,7.0,1850.0,1,2
9333,2017,,265,4.0,10.0,550.0,3,0
9336,2017,,174,0.0,5.0,2600.0,0,0
9337,2017,,146,0.0,5.0,2700.0,0,0
9338,2017,,66,0.0,5.0,2850.0,0,2
9340,2017,,40,0.0,7.0,1850.0,1,2
9352,2017,,266,2.0,9.0,2200.0,0,2
9353,2017,,144,0.0,4.0,3450.0,0,1
9354,2017,,144,0.0,4.0,3250.0,0,1
9355,2017,,267,0.0,4.0,3450.0,0,0
9356,2017,,40,0.0,7.0,1750.0,1,2
9357,2017,,115,0.0,8.0,1600.0,2,2
9359,2017,,42,0.0,6.0,1950.0,1,2
9360,2017,,95,0.0,4.0,3250.0,0,2
9369,2017,,268,0.0,3.0,3850.0,0,0
9370,2017,,45,0.0,6.0,1900.0,1,2
9378,2017,,269,2.0,10.0,1900.0,0,2
9380,2017,,140,0.0,7.0,1850.0,1,0
9381,2017,,100,0.0,8.0,1500.0,1,2
9398,2017,,50,0.0,7.0,1650.0,1,2
9399,2017,,50,0.0,7.0,1750.0,1,2
9407,2017,,103,0.0,4.0,3100.0,0,2
9411,2017,,93,0.0,4.0,3450.0,0,0
9412,2017,,92,0.0,5.0,2850.0,0,0
9424,2017,,212,0.0,5.0,2950.0,0,1
9427,2017,,126,0.0,6.0,2350.0,0,0
9451,2018,,68,0.0,4.0,3100.0,0,2
9452,2018,,270,0.0,5.0,2700.0,0,2
9459,2018,,271,0.0,3.0,3450.0,0,0
9460,2018,,272,0.0,2.0,4100.0,0,0
9462,2018,,113,0.0,5.0,2600.0,0,2
9463,2018,,67,0.0,3.0,3850.0,0,2
9471,2018,,273,0.0,3.0,3450.0,0,0
9476,2018,,274,0.0,6.0,2400.0,0,2
9478,2018,,28,0.0,5.0,2850.0,0,2
9483,2018,,47,0.0,6.0,2400.0,0,2
9484,2018,,47,0.0,6.0,2400.0,0,2
9492,2018,,132,2.0,8.0,2250.0,0,2
9493,2018,,18,0.0,5.0,2700.0,0,2
9494,2018,,182,0.0,5.0,2850.0,0,2
9495,2018,,275,0.0,4.0,2950.0,0,0
9496,2018,,276,0.0,5.0,2500.0,0,2
9497,2018,,236,0.0,5.0,2050.0,1,2
9507,2018,,49,0.0,2.0,4350.0,0,0
9508,2018,,49,0.0,5.0,2600.0,0,0
9512,2017,,277,0.0,2.0,4100.0,0,0
9517,2018,,49,0.0,4.0,2650.0,1,0
9522,2018,,115,0.0,8.0,1600.0,2,2
9523,2018,,164,0.0,6.0,1850.0,1,2
9531,2018,,278,0.0,4.0,3250.0,0,2
9532,2018,,279,0.0,6.0,1850.0,1,2
9533,2018,,31,0.0,5.0,2700.0,0,2
9534,2018,,31,0.0,5.0,2600.0,0,2
9548,2017,,275,0.0,5.0,2950.0,0,0
9549,2018,,280,0.0,5.0,2100.0,1,0
9565,2018,,155,0.0,10.0,1150.0,1,2
9578,2018,,126,0.0,6.0,2350.0,0,0
9579,2018,,78,0.0,5.0,2700.0,0,0
9580,2018,,128,0.0,4.0,2950.0,0,0
9581,2018,,244,0.0,6.0,2400.0,0,2
9583,2018,,33,0.0,5.0,2850.0,0,2
9584,2018,,98,0.0,7.0,1650.0,1,2
9585,2018,,201,0.0,9.0,1350.0,1,2
9599,2018,,117,0.0,5.0,2850.0,0,1
9600,2018,,117,0.0,5.0,2600.0,0,1
9601,2018,,5,0.0,5.0,2850.0,0,1
9602,2018,,5,0.0,5.0,2700.0,0,1
9603,2018,,87,0.0,5.0,2850.0,0,1
9604,2018,,89,0.0,5.0,2850.0,0,1
9605,2018,,90,0.0,4.0,2950.0,0,1
9606,2018,,54,0.0,4.0,3100.0,0,1
9607,2018,,6,0.0,5.0,2600.0,0,0
9608,2018,,186,0.0,5.0,2850.0,0,2
9620,2018,,165,0.0,4.0,2950.0,0,1
9621,2018,,125,0.0,4.0,3100.0,0,1
9622,2018,,203,0.0,4.0,3100.0,0,1
9623,2018,,281,0.0,4.0,3100.0,0,1
9633,2018,,282,0.0,3.0,3450.0,0,0
9649,2018,,283,0.0,4.0,3100.0,0,2
9656,2018,,55,0.0,8.0,1600.0,1,0
9657,2018,,284,0.0,8.0,1700.0,2,2
9678,2018,,32,0.0,4.0,2950.0,0,0
9679,2018,,32,0.0,5.0,2600.0,0,0
9680,2018,,137,0.0,4.0,2950.0,0,0
9682,2018,,151,0.0,7.0,1650.0,1,2
9688,2018,,285,0.0,4.0,3100.0,0,0
9700,2018,,269,2.0,10.0,1800.0,0,2
9701,2018,,286,0.0,1.0,4650.0,0,0
9706,2018,,34,0.0,6.0,1950.0,1,2
9714,2018,,261,0.0,2.0,4100.0,0,0
9742,2018,,56,0.0,7.0,1750.0,1,0
9743,2018,,248,0.0,6.0,1850.0,1,2
9748,2018,,8,0.0,6.0,2400.0,0,1
9749,2018,,46,0.0,4.0,3100.0,0,0
9753,2018,,287,5.0,10.0,1850.0,0,0
9754,2018,,288,5.0,10.0,1850.0,0,0
9759,2018,,289,5.0,10.0,600.0,3,0
9769,2019,,149,0.0,5.0,2850.0,0,2
9779,2019,,146,0.0,5.0,2850.0,0,0
9780,2019,,81,0.0,5.0,2500.0,0,0
9781,2019,,23,0.0,6.0,2350.0,0,0
9782,2019,,23,0.0,5.0,2500.0,0,0
9783,2019,,18,0.0,6.0,2400.0,0,2
9784,2019,,147,0.0,6.0,2400.0,0,2
9785,2019,,290,0.0,5.0,2600.0,0,2
9786,2019,,291,0.0,4.0,2950.0,0,2
9804,2019,,16,0.0,1.0,5050.0,0,1
9805,2019,,292,0.0,3.0,3850.0,0,1
9806,2019,,293,0.0,3.0,3650.0,0,1
9815,2019,,68,0.0,4.0,3100.0,0,2
9817,2019,,237,0.0,5.0,2850.0,0,1
9818,2019,,120,0.0,5.0,2700.0,0,1
9819,2019,,70,0.0,6.0,1850.0,1,2
9830,2019,,150,0.0,4.0,3250.0,0,1
9831,2019,,165,0.0,4.0,2950.0,0,1
9832,2019,,165,0.0,5.0,2700.0,0,1
9833,2019,,105,0.0,3.0,3450.0,0,0
9839,2019,,278,0.0,3.0,3450.0,0,2
9840,2019,,278,0.0,4.0,3250.0,0,2
9868,2019,,12,0.0,3.0,2950.0,1,0
9869,2019,,14,0.0,5.0,2300.0,1,0
9871,2019,,55,0.0,7.0,1650.0,1,0
9892,2019,,126,0.0,6.0,2350.0,0,0
9893,2019,,77,0.0,6.0,2400.0,0,0
9894,2019,,294,0.0,5.0,2700.0,0,0
9895,2019,,271,0.0,3.0,3450.0,0,0
9896,2019,,49,0.0,4.0,2400.0,1,0
9897,2019,,20,0.0,4.0,3250.0,0,2
9898,2019,,148,0.0,4.0,3250.0,0,2
9899,2019,,115,0.0,8.0,1600.0,2,2
9910,2019,,295,0.0,6.0,2250.0,0,2
9925,2019,,296,0.0,5.0,2700.0,0,0
9933,2019,,96,0.0,7.0,1750.0,1,2
9945,2019,,4,0.0,7.0,1650.0,1,2
9959,2019,,39,0.0,6.0,2400.0,0,2
9969,2019,,56,0.0,7.0,1750.0,1,0
9970,2019,,297,0.0,3.0,3650.0,0,0
9972,2019,,273,0.0,3.0,3450.0,0,0
9973,2019,,100,0.0,7.0,2050.0,0,2
9977,2019,,298,0.0,5.0,2700.0,0,2
9991,2019,,46,0.0,4.0,3100.0,0,0
10004,2019,,162,0.0,5.0,2700.0,0,0
10005,2019,,22,0.0,5.0,2600.0,0,0
10006,2019,,270,0.0,5.0,2700.0,0,2
10007,2019,,34,0.0,6.0,1950.0,1,2
10020,2019,,299,0.0,4.0,3250.0,0,0
10021,2019,,92,0.0,4.0,2950.0,0,0
10022,2019,,250,0.0,2.0,4350.0,0,0
10023,2019,,94,0.0,4.0,3100.0,0,2
10024,2019,,31,0.0,5.0,2700.0,0,2
10040,2019,,178,0.0,8.0,1550.0,1,2
10041,2019,,160,0.0,3.0,3850.0,0,2
10042,2019,,230,0.0,3.0,3850.0,0,2
10043,2019,,21,0.0,7.0,2200.0,0,1
10044,2019,,72,0.0,6.0,1850.0,1,0
10052,2019,,75,0.0,5.0,2100.0,1,0
10054,2019,,300,0.0,6.0,1900.0,1,2
10056,2019,,301,7.0,10.0,2100.0,0,0
10057,2019,,302,7.0,10.0,2100.0,0,0
10058,2020,,142,0.0,7.0,1600.0,1,2
10062,2020,,303,0.0,5.0,2600.0,0,2
10066,2019,,229,0.0,4.0,3100.0,0,2
10067,2018,,50,0.0,6.0,1850.0,1,2
10074,2020,,77,0.0,5.0,2700.0,0,0
10075,2020,,111,0.0,6.0,2400.0,0,0
10076,2020,,304,0.0,5.0,2700.0,0,0
10077,2020,,271,0.0,3.0,3450.0,0,0
10079,2020,,66,0.0,4.0,3100.0,0,2
10080,2020,,20,0.0,4.0,3250.0,0,2
10081,2019,,305,0.0,3.0,3650.0,0,1
10088,2020,,108,0.0,5.0,2600.0,0,2
10089,2020,,40,0.0,7.0,1750.0,1,2
10092,2020,,214,0.0,3.0,3650.0,0,1
10097,2019,,306,0.0,5.0,2850.0,0,0
10105,2020,,105,0.0,3.0,3450.0,0,0
10124,2020,,307,0.0,5.0,2850.0,0,1
10125,2020,,49,0.0,5.0,2600.0,0,0
10126,2020,,68,0.0,5.0,2850.0,0,2
10127,2020,,68,0.0,4.0,3100.0,0,2
10144,2020,,10,0.0,3.0,3650.0,0,0
10165,2020,,176,0.0,5.0,2850.0,0,0
10166,2020,,308,0.0,5.0,2700.0,0,0
10168,2020,,299,0.0,4.0,3250.0,0,0
10169,2020,,309,0.0,4.0,3250.0,0,0
10170,2020,,81,0.0,7.0,2200.0,0,0
10171,2020,,310,0.0,5.0,2500.0,0,2
10189,2020,,311,0.0,5.0,2850.0,0,0
10190,2020,,312,0.0,4.0,2950.0,0,0
10214,2020,,6,0.0,5.0,2600.0,0,0
10223,2020,,8,0.0,6.0,2400.0,0,1
10225,2020,,14,0.0,5.0,2300.0,1,0
10233,2020,,254,0.0,3.0,3850.0,0,0
10234,2020,,73,0.0,8.0,1550.0,1,2
10244,2020,,165,0.0,4.0,3250.0,0,1
10250,2020,,103,0.0,4.0,3100.0,0,2
10254,2019,,313,0.0,3.0,3850.0,0,2
10255,2020,,100,0.0,7.0,1600.0,1,2
10256,2020,,70,0.0,6.0,1850.0,1,2
10270,2020,,314,0.0,4.0,3250.0,0,2
10274,2020,,93,0.0,4.0,3250.0,0,0
10276,2020,,270,0.0,5.0,2850.0,0,2
10277,2020,,205,0.0,9.0,1250.0,1,2
10278,2020,,201,0.0,9.0,1350.0,1,2
10279,2020,,34,0.0,6.0,1950.0,1,2
10293,2020,,315,6.0,10.0,2500.0,0,0
10297,2020,,316,0.0,5.0,2850.0,0,0
10299,2020,,317,0.0,5.0,2850.0,0,0
10300,2020,,135,0.0,5.0,2700.0,0,0
10310,2020,,181,0.0,6.0,2400.0,0,0
10311,2020,,61,0.0,5.0,2500.0,0,0
10318,2020,,250,0.0,1.0,4650.0,0,0
10323,2020,,157,0.0,2.0,4350.0,0,1
10324,2020,,119,0.0,4.0,3250.0,0,1
10325,2020,,318,0.0,2.0,4350.0,0,0
10328,2020,,35,0.0,8.0,1550.0,1,2
10329,2020,,35,0.0,8.0,1550.0,1,2
10333,2020,,178,0.0,8.0,1550.0,1,2
10338,2020,,319,0.0,5.0,2500.0,0,2
10339,2020,,217,0.0,5.0,2500.0,0,2
10340,2020,,166,0.0,6.0,2400.0,0,2
10355,2021,,76,0.0,6.0,2250.0,0,1
10356,2021,,76,0.0,5.0,2500.0,0,1
10357,2021,,249,0.0,7.0,2100.0,0,0
10358,2021,,23,0.0,6.0,2400.0,0,0
10359,2021,,320,0.0,5.0,2500.0,0,0
10360,2021,,321,0.0,9.0,1100.0,1,2
10361,2021,,40,0.0,6.0,1750.0,1,2
10369,2020,,301,7.0,10.0,2100.0,0,0
10372,2021,,142,0.0,7.0,1600.0,1,2
10373,2021,,142,0.0,7.0,1600.0,1,2
10374,2021,,142,0.0,7.0,1650.0,1,2
10375,2021,,273,0.0,3.0,3450.0,0,0
10386,2020,,276,0.0,5.0,2850.0,0,2
10395,2021,,17,0.0,6.0,2200.0,0,1
10401,2020,,179,9.0,10.0,2500.0,0,1
10402,2021,,123,0.0,7.0,1500.0,1,2
10412,2021,,322,0.0,3.0,3450.0,0,1
10433,2021,,128,0.0,5.0,2700.0,0,0
10435,2021,,49,0.0,2.0,4100.0,0,0
10439,2021,,253,0.0,5.0,2600.0,0,0
10440,2021,,152,0.0,5.0,2850.0,0,0
10453,2021,,214,0.0,3.0,3650.0,0,1
10454,2021,,270,0.0,5.0,2850.0,0,2
10460,2021,,64,0.0,6.0,2250.0,0,0
10461,2021,,143,0.0,6.0,2350.0,0,0
10462,2021,,156,0.0,7.0,1700.0,1,2
10463,2021,,156,0.0,6.0,1750.0,1,2
10485,2021,,157,0.0,2.0,4350.0,0,1
10497,2021,,317,0.0,5.0,2850.0,0,0
10498,2021,,105,0.0,3.0,3450.0,0,0
10499,2021,,226,0.0,5.0,2700.0,0,2
10500,2021,,323,0.0,5.0,2600.0,0,2
10502,2021,,310,0.0,5.0,2500.0,0,2
10514,2021,,324,0.0,7.0,1550.0,1,2
10522,2021,,37,0.0,5.0,2050.0,1,0
10523,2021,,306,0.0,5.0,2700.0,0,0
10524,2021,,206,0.0,4.0,2950.0,0,0
10525,2021,,325,0.0,4.0,3100.0,0,0
10526,2021,,137,0.0,4.0,2950.0,0,0
10527,2021,,220,0.0,6.0,2350.0,0,2
10528,2021,,298,0.0,5.0,2600.0,0,2
10529,2021,,153,0.0,5.0,2850.0,0,2
10542,2021,,318,0.0,3.0,3450.0,0,0
10544,2021,,125,0.0,3.0,3850.0,0,1
10558,2021,,24,0.0,5.0,2600.0,0,0
10563,2021,,5,0.0,4.0,3250.0,0,1
10564,2021,,237,0.0,4.0,3250.0,0,1
10565,2021,,165,0.0,4.0,3250.0,0,1
10566,2021,,88,0.0,4.0,3250.0,0,1
10568,2021,,267,0.0,4.0,3250.0,0,0
10569,2021,,92,0.0,4.0,2950.0,0,0
10570,2021,,326,0.0,4.0,3250.0,0,0
10572,2021,,95,0.0,4.0,3100.0,0,2
10573,2021,,109,0.0,4.0,3250.0,0,2
10574,2021,,314,0.0,3.0,3450.0,0,2
10580,2021,,20,0.0,3.0,3450.0,0,0
10581,2021,,327,0.0,3.0,3450.0,0,0
10582,2021,,328,0.0,3.0,3450.0,0,2
10602,2021,,12,0.0,5.0,2200.0,1,0
10603,2021,,231,0.0,5.0,2300.0,1,0
10604,2021,,12,0.0,3.0,2950.0,1,0
10622,2021,,329,3.0,7.0,2600.0,0,2
10631,2022,,17,0.0,7.0,2100.0,0,1
10632,2022,,254,0.0,3.0,3850.0,0,0
10633,2022,,80,0.0,7.0,2100.0,0,0
10634,2022,,81,0.0,6.0,2400.0,0,0
10640,2022,,176,0.0,5.0,2850.0,0,0
10654,2020,,173,0.0,1.0,4650.0,0,2
10661,2022,,55,0.0,7.0,1600.0,1,0
10687,2022,,142,0.0,7.0,1600.0,1,2
10690,2022,,330,0.0,6.0,2400.0,0,0
10691,2022,,318,0.0,4.0,3450.0,0,0
10692,2022,,49,0.0,3.0,4100.0,0,0
10693,2022,,49,0.0,3.0,4100.0,0,0
10694,2022,,270,0.0,5.0,2700.0,0,2
10695,2022,,217,0.0,5.0,2500.0,0,2
10703,2022,,327,0.0,4.0,3450.0,0,0
10704,2022,,257,0.0,6.0,2350.0,0,2
10706,2022,,222,0.0,6.0,2200.0,0,2
10707,2022,,331,0.0,4.0,3450.0,0,2
10712,2022,,217,0.0,5.0,2700.0,0,2
10713,2022,,332,0.0,6.0,1750.0,1,2
10714,2022,,332,0.0,6.0,1750.0,1,2
10719,2022,,140,0.0,7.0,1650.0,1,0
10758,2022,,120,0.0,4.0,3250.0,0,1
10759,2022,,120,0.0,4.0,3250.0,0,1
10770,2022,,143,0.0,6.0,2350.0,0,0
10771,2022,,47,0.0,6.0,2400.0,0,2
10784,2022,,333,0.0,2.0,4650.0,0,1
10785,2022,,317,0.0,5.0,2850.0,0,0
10786,2022,,102,0.0,5.0,2850.0,0,2
10787,2022,,298,0.0,5.0,2600.0,0,2
10795,2022,,323,0.0,5.0,2600.0,0,2
10796,2022,,334,0.0,4.0,3100.0,0,2
10825,2022,,335,0.0,7.0,1600.0,1,2
10826,2022,,35,0.0,7.0,1500.0,1,2
10836,2022,,336,9.0,10.0,900.0,3,2
10837,2022,,223,10.0,10.0,950.0,3,2
10838,2022,,229,0.0,4.0,3100.0,0,2
10846,2022,,337,0.0,4.0,3100.0,0,2
10850,2021,,338,0.0,5.0,2600.0,0,2
10852,2022,,43,0.0,5.0,2700.0,0,0
10857,2022,,296,0.0,5.0,2700.0,0,0
10897,2022,,184,0.0,6.0,1900.0,1,2
10901,2022,,12,0.0,3.0,2950.0,1,0
10902,2022,,14,0.0,5.0,2300.0,1,0
10903,2022,,14,0.0,3.0,2950.0,1,0
10925,2022,,54,0.0,4.0,3450.0,0,1
10927,2022,,339,10.0,10.0,750.0,3,0
10928,2022,,340,10.0,10.0,900.0,3,0
10929,2022,,341,10.0,10.0,700.0,3,0
10943,2023,,149,0.0,4.0,3250.0,0,2
10944,2022,,342,0.0,4.0,3250.0,0,1
10945,2022,,343,5.0,9.0,2100.0,0,2
10949,2023,,299,0.0,4.0,3450.0,0,0
10950,2023,,309,0.0,4.0,3450.0,0,0
10951,2023,,80,0.0,6.0,2050.0,0,0
10957,2023,,176,0.0,5.0,2700.0,0,0
10958,2023,,81,0.0,6.0,2100.0,0,0
10959,2023,,23,0.0,5.0,2400.0,0,0
10960,2023,,191,0.0,5.0,2600.0,0,0
10963,2023,,101,0.0,5.0,2950.0,0,1
10971,2022,,39,0.0,6.0,2250.0,0,2
10972,2022,,30,0.0,6.0,2400.0,0,2
10997,2023,,344,0.0,5.0,2850.0,0,2
10998,2023,,345,0.0,5.0,2950.0,0,1
11012,2023,,194,0.0,4.0,3100.0,0,0
11014,2023,,252,0.0,4.0,3650.0,0,0
11015,2023,,346,0.0,6.0,2350.0,0,2
11016,2023,,347,0.0,4.0,3450.0,0,2
11017,2023,,167,0.0,5.0,2850.0,0,2
11018,2023,,201,0.0,7.0,1500.0,1,2
11019,2023,,85,0.0,7.0,1500.0,1,2
11020,2023,,35,0.0,7.0,1500.0,1,2
11076,2023,,348,0.0,5.0,2400.0,0,2
11125,2023,,6,0.0,5.0,2600.0,0,0
11126,2023,,43,0.0,5.0,2600.0,0,0
11140,2023,,339,10.0,10.0,750.0,3,0
11148,2023,,349,10.0,10.0,900.0,3,2
11153,2023,,46,0.0,5.0,2950.0,0,0
11167,2023,,88,0.0,4.0,3250.0,0,1
11168,2023,,89,0.0,4.0,3450.0,0,1
11169,2023,,54,0.0,4.0,3450.0,0,1
11170,2023,,212,0.0,4.0,3450.0,0,1
11171,2023,,350,0.0,3.0,3850.0,0,1
11172,2023,,18,0.0,5.0,2600.0,0,2
11173,2023,,182,0.0,5.0,2700.0,0,2
11174,2023,,334,0.0,4.0,3100.0,0,2
11205,2023,,351,3.0,7.0,2500.0,0,2
11208,2023,,177,0.0,5.0,2700.0,0,2
11219,2023,,160,0.0,3.0,3850.0,0,2
11227,2023,,12,0.0,5.0,2200.0,1,0
11228,2023,,14,0.0,5.0,2300.0,1,0
11229,2023,,187,0.0,4.0,2550.0,1,0
11230,2023,,187,0.0,5.0,2400.0,1,0
11232,2023,,10,0.0,4.0,3650.0,0,0
12919,2016,,40,0.0,7.0,1700.0,1,2
12925,2016,,40,0.0,7.0,1850.0,1,2
12930,2016,,272,0.0,3.0,3850.0,0,0
12931,2016,,291,0.0,5.0,2850.0,0,2
12932,2016,,68,0.0,5.0,2850.0,0,2
12933,2016,,68,0.0,4.0,3450.0,0,2
12947,2016,,352,0.0,5.0,2850.0,0,0
12948,2016,,353,0.0,5.0,2850.0,0,0
12951,2016,,212,0.0,5.0,3100.0,0,1
12952,2016,,212,0.0,5.0,3100.0,0,1
12953,2016,,354,0.0,5.0,3100.0,0,0
12954,2016,,355,0.0,4.0,3250.0,0,0
12959,2016,,235,0.0,7.0,2350.0,0,1
12960,2016,,73,0.0,8.0,1650.0,1,2
12964,2016,,356,0.0,5.0,2700.0,0,0
12965,2016,,3,0.0,3.0,4100.0,0,0
12968,2016,,42,0.0,6.0,2100.0,1,2
12969,2016,,42,0.0,7.0,1900.0,1,2
12970,2016,,260,0.0,7.0,1700.0,1,2
12971,2016,,357,0.0,6.0,2400.0,0,2
12974,2016,,358,0.0,5.0,2300.0,1,2
12975,2016,,117,0.0,5.0,2850.0,0,1
12976,2016,,89,0.0,5.0,3100.0,0,1
12982,2016,,278,0.0,4.0,3450.0,0,2
12987,2016,,359,0.0,8.0,1550.0,1,0
12989,2016,,359,0.0,8.0,1500.0,1,0
12997,2016,,181,0.0,6.0,2700.0,0,0
12998,2016,,280,0.0,6.0,2050.0,1,0
12999,2016,,162,0.0,5.0,3100.0,0,0
13001,2016,,270,0.0,5.0,3100.0,0,2
13028,2016,,50,0.0,8.0,1600.0,1,2
13035,2016,,360,0.0,6.0,2600.0,0,0
13046,2016,,361,0.0,6.0,2400.0,0,0
13049,2016,,279,0.0,7.0,1900.0,1,2
13050,2016,,35,0.0,6.0,1950.0,1,2
13053,2016,,362,0.0,6.0,2400.0,0,0
13054,2016,,271,0.0,4.0,3250.0,0,0
13055,2016,,56,0.0,7.0,1750.0,1,0
13056,2016,,56,0.0,7.0,1750.0,1,0
13057,2016,,363,0.0,5.0,2950.0,0,2
13058,2016,,364,0.0,5.0,2850.0,0,2
13059,2016,,20,0.0,4.0,3250.0,0,2
13060,2016,,15,0.0,5.0,2850.0,0,2
13061,2016,,15,0.0,5.0,2200.0,1,2
13062,2016,,39,0.0,7.0,2350.0,0,2
13063,2016,,35,0.0,7.0,1850.0,1,2
13070,2016,,271,0.0,4.0,3450.0,0,0
13071,2016,,53,0.0,8.0,1650.0,2,2
13077,2016,,35,0.0,8.0,1650.0,1,2
13079,2016,,21,0.0,7.0,2250.0,0,1
13080,2016,,21,0.0,6.0,2400.0,0,1
13081,2016,,21,0.0,8.0,1900.0,0,1
13082,2016,,365,0.0,6.0,2400.0,0,1
13083,2016,,38,0.0,5.0,2850.0,0,2
13088,2016,,86,4.0,10.0,1250.0,1,2
13091,2016,,250,0.0,3.0,3850.0,0,0
13092,2016,,366,0.0,9.0,1250.0,1,2
13093,2016,,9,0.0,2.0,4650.0,0,2
13101,2016,,367,0.0,4.0,3450.0,0,1
13112,2016,,59,0.0,7.0,1850.0,1,2
13113,2016,,58,0.0,7.0,1700.0,1,2
13125,2016,,295,0.0,7.0,2200.0,0,2
13137,2016,,49,0.0,5.0,2550.0,1,0
13142,2016,,26,0.0,8.0,1550.0,1,0
13143,2016,,45,0.0,7.0,1750.0,1,2
13150,2016,,368,2.0,10.0,1700.0,0,2
13151,2016,,369,0.0,6.0,2500.0,0,0
13152,2016,,105,0.0,4.0,3450.0,0,0
13158,2016,,139,4.0,10.0,650.0,3,1
13166,2016,,370,0.0,5.0,2300.0,1,0
13170,2016,,371,4.0,10.0,550.0,3,0
13173,2016,,372,4.0,10.0,1700.0,0,0
13185,2016,,266,2.0,9.0,2100.0,0,2
13186,2017,,201,0.0,8.0,1500.0,1,2
13191,2017,,163,0.0,6.0,2350.0,0,2
13192,2017,,68,0.0,4.0,3100.0,0,2
13193,2017,,68,0.0,4.0,3450.0,0,2
15238,2024,,64,0.0,6.0,2350.0,0,0
15239,2024,,327,0.0,4.0,3450.0,0,0
15240,2024,,152,0.0,5.0,2700.0,0,0
15241,2024,,249,0.0,6.0,2100.0,0,0
15246,2024,,216,0.0,5.0,2400.0,0,2
15260,2024,,373,0.0,4.0,3100.0,0,0
20126,2016,,40,0.0,7.0,1900.0,1,2
20129,2016,,374,0.0,5.0,2700.0,0,0
20131,2016,,375,0.0,5.0,2850.0,0,0
20132,2016,,67,0.0,3.0,4100.0,0,2
20134,2016,,376,0.0,4.0,3250.0,0,0
20139,2016,,178,0.0,8.0,1550.0,1,2
20140,2016,,178,0.0,8.0,1500.0,1,2
20141,2016,,68,0.0,5.0,3100.0,0,2
20143,2016,,101,0.0,6.0,2700.0,0,1
20151,2016,,377,0.0,5.0,2850.0,0,0
20153,2016,,164,0.0,7.0,1850.0,1,2
20154,2016,,357,0.0,7.0,1750.0,1,2
20159,2016,,119,0.0,5.0,3100.0,0,1
20160,2016,,342,0.0,4.0,3250.0,0,1
20161,2016,,204,0.0,5.0,2950.0,0,1
20181,2016,,62,0.0,5.0,3100.0,0,0
20182,2016,,37,0.0,6.0,2050.0,1,0
20183,2016,,220,0.0,6.0,2700.0,0,2
20184,2016,,262,0.0,5.0,2850.0,0,2
20193,2016,,238,0.0,5.0,2200.0,1,2
20194,2016,,378,0.0,7.0,1850.0,1,2
20195,2016,,378,0.0,7.0,1900.0,1,2
20196,2016,,98,0.0,7.0,1900.0,1,2
20211,2016,,379,0.0,4.0,3450.0,0,0
20212,2016,,50,0.0,8.0,1650.0,1,2
20213,2016,,283,0.0,5.0,3250.0,0,2
20214,2016,,380,0.0,5.0,2700.0,0,2
20215,2016,,381,0.0,5.0,2950.0,0,2
20224,2016,,81,0.0,6.0,2400.0,0,0
20225,2016,,97,0.0,4.0,3250.0,0,2
20226,2016,,382,0.0,6.0,2050.0,1,2
20227,2016,,240,0.0,6.0,2600.0,0,2
20241,2016,,383,0.0,5.0,2950.0,0,0
20242,2016,,356,0.0,5.0,2950.0,0,0
20243,2016,,318,0.0,2.0,4350.0,0,2
20244,2016,,384,0.0,6.0,2500.0,0,2
20245,2016,,385,0.0,6.0,2500.0,0,2
20246,2016,,386,0.0,6.0,2500.0,0,2
20247,2016,,387,0.0,5.0,2700.0,0,2
20248,2016,,388,0.0,7.0,2250.0,0,2
20249,2016,,245,0.0,7.0,2350.0,0,2
20250,2016,,246,0.0,6.0,2400.0,0,2
20251,2016,,389,0.0,7.0,2350.0,0,2
20252,2016,,390,0.0,6.0,2500.0,0,2
20253,2016,,390,0.0,6.0,2400.0,0,2
20254,2016,,391,0.0,6.0,2500.0,0,2
20255,2016,,391,0.0,6.0,2400.0,0,2
20256,2016,,392,0.0,6.0,2500.0,0,2
20257,2016,,35,0.0,7.0,1850.0,1,2
20258,2016,,279,0.0,6.0,2050.0,1,2
20269,2016,,249,0.0,8.0,2050.0,0,0
20270,2016,,82,0.0,7.0,2400.0,0,0
20271,2016,,131,0.0,6.0,2050.0,1,0
20272,2016,,110,0.0,2.0,4350.0,0,2
20277,2016,,393,0.0,6.0,2400.0,0,0
20279,2016,,384,0.0,6.0,2400.0,0,2
20280,2016,,394,0.0,6.0,2400.0,0,2
20292,2016,,395,0.0,7.0,1900.0,1,2
20293,2016,,395,0.0,7.0,1700.0,1,2
20294,2016,,396,0.0,9.0,1500.0,0,2
20299,2016,,397,0.0,6.0,2600.0,0,2
20306,2016,,398,0.0,2.0,4350.0,0,1
20307,2016,,399,0.0,3.0,4100.0,0,1
20308,2016,,12,0.0,6.0,2100.0,1,0
20309,2016,,14,0.0,5.0,2300.0,1,0
20310,2016,,12,0.0,5.0,2550.0,1,0
20312,2016,,52,0.0,6.0,2500.0,0,2
20326,2016,,400,0.0,7.0,2350.0,0,2
20327,2016,,400,0.0,6.0,2600.0,0,2
20337,2016,,59,0.0,7.0,1700.0,1,2
20338,2016,,59,0.0,7.0,1750.0,1,2
20339,2016,,58,0.0,7.0,1850.0,1,2
20343,2016,,401,7.0,10.0,600.0,3,0
20370,2016,,26,0.0,8.0,1600.0,1,0
20371,2016,,45,0.0,7.0,1900.0,1,2
20377,2016,,269,2.0,9.0,1850.0,0,2
20392,2016,,11,0.0,6.0,2600.0,0,2
20401,2016,,48,2.0,8.0,2350.0,0,0
20408,2016,,17,0.0,7.0,2200.0,0,1
20409,2016,,17,0.0,7.0,2200.0,0,1
20410,2016,,76,0.0,7.0,2350.0,0,1
20411,2016,,402,0.0,7.0,2200.0,0,2
20412,2016,,84,0.0,7.0,2350.0,0,2
20417,2016,,79,0.0,5.0,3100.0,0,0
20418,2016,,79,0.0,5.0,2950.0,0,0
20423,2017,,220,0.0,6.0,2400.0,0,2
20429,2016,,125,0.0,4.0,3250.0,0,1
20430,2017,,375,0.0,5.0,2850.0,0,0
20431,2017,,403,0.0,5.0,2950.0,0,0
20432,2017,,0,0.0,2.0,4100.0,0,0
20433,2017,,67,0.0,2.0,4100.0,0,2
20448,2017,,4,0.0,7.0,1750.0,1,2
20453,2017,,202,0.0,4.0,3100.0,0,1
20454,2017,,203,0.0,4.0,3100.0,0,1
20456,2017,,120,0.0,5.0,2850.0,0,1
20457,2017,,165,0.0,5.0,2950.0,0,1
20458,2017,,204,0.0,5.0,2950.0,0,1
20482,2017,,8,0.0,6.0,2400.0,0,1
20489,2017,,12,0.0,5.0,2200.0,1,0
20490,2017,,12,0.0,4.0,2550.0,1,0
20491,2017,,12,0.0,3.0,2950.0,1,0
20492,2017,,14,0.0,3.0,2950.0,1,0
20494,2017,,13,0.0,3.0,3100.0,1,0
20495,2017,,14,0.0,3.0,3100.0,1,0
20503,2017,,101,0.0,6.0,2400.0,0,1
20504,2017,,49,0.0,4.0,2650.0,1,0
20505,2017,,49,0.0,4.0,3250.0,0,0
20520,2017,,234,0.0,5.0,2850.0,0,0
20527,2017,,271,0.0,4.0,3250.0,0,0
20528,2017,,271,0.0,4.0,3450.0,0,0
20529,2017,,354,0.0,4.0,3100.0,0,0
20530,2017,,80,0.0,7.0,2050.0,0,0
20531,2017,,18,0.0,6.0,2350.0,0,2
20532,2017,,276,0.0,6.0,2500.0,0,2
20543,2017,,367,0.0,4.0,3450.0,0,1
20544,2017,,365,0.0,7.0,2200.0,0,1
20545,2017,,76,0.0,6.0,2500.0,0,1
20546,2017,,404,0.0,4.0,3450.0,0,0
20556,2017,,244,0.0,6.0,2400.0,0,2
20557,2017,,65,0.0,6.0,2400.0,0,2
20558,2017,,15,0.0,5.0,2600.0,0,2
20559,2017,,98,0.0,6.0,1900.0,1,2
20567,2017,,304,0.0,5.0,2700.0,0,0
20568,2017,,405,0.0,4.0,3100.0,0,0
20569,2017,,35,0.0,6.0,1950.0,1,2
20575,2017,,406,5.0,10.0,600.0,3,0
20577,2017,,75,0.0,6.0,1950.0,1,0
20578,2017,,78,0.0,5.0,2950.0,0,0
20579,2017,,397,0.0,5.0,2850.0,0,2
20580,2017,,178,0.0,8.0,1550.0,1,2
20586,2017,,274,0.0,6.0,2400.0,0,2
20587,2017,,96,0.0,8.0,1550.0,1,2
20588,2017,,240,0.0,5.0,2600.0,0,2
20589,2017,,407,0.0,5.0,2850.0,0,2
20594,2017,,370,0.0,5.0,2850.0,0,0
20600,2017,,47,0.0,6.0,2400.0,0,2
20608,2017,,280,0.0,5.0,2100.0,1,0
20611,2017,,317,0.0,5.0,2950.0,0,0
20612,2017,,106,0.0,4.0,3100.0,0,0
20613,2017,,105,0.0,4.0,3450.0,0,0
20619,2017,,72,0.0,6.0,1900.0,1,0
20620,2017,,100,0.0,7.0,1650.0,1,2
20621,2017,,100,0.0,8.0,1550.0,1,2
20622,2017,,100,0.0,8.0,1500.0,1,2
20634,2017,,408,0.0,2.0,4100.0,0,2
20643,2017,,227,0.0,5.0,2950.0,0,0
20657,2017,,55,0.0,8.0,1600.0,1,0
20663,2017,,58,0.0,7.0,1700.0,1,2
20664,2017,,58,0.0,7.0,1700.0,1,2
20665,2017,,58,0.0,6.0,1900.0,1,2
20674,2017,,49,0.0,2.0,4350.0,0,0
20684,2018,,68,0.0,5.0,2850.0,0,2
20687,2018,,162,0.0,5.0,2850.0,0,0
20692,2018,,272,0.0,3.0,3850.0,0,0
20693,2018,,147,0.0,6.0,2400.0,0,2
20694,2018,,112,0.0,6.0,2400.0,0,2
20695,2018,,66,0.0,5.0,2600.0,0,2
20696,2018,,20,0.0,4.0,3250.0,0,2
20697,2018,,258,0.0,3.0,3450.0,0,2
20711,2018,,16,0.0,1.0,5050.0,0,1
20712,2018,,367,0.0,3.0,3650.0,0,1
20713,2018,,367,0.0,3.0,3450.0,0,1
20720,2018,,262,0.0,5.0,2850.0,0,2
20721,2018,,3,0.0,2.0,4100.0,0,0
20722,2018,,295,0.0,6.0,2250.0,0,2
20726,2018,,329,2.0,8.0,2350.0,0,2
20727,2018,,323,0.0,5.0,2850.0,0,2
20729,2018,,407,0.0,4.0,2950.0,0,2
20733,2018,,306,0.0,4.0,2950.0,0,0
20734,2018,,140,0.0,6.0,1850.0,1,0
20735,2018,,11,0.0,5.0,2500.0,0,2
20736,2018,,11,0.0,5.0,2050.0,1,2
20737,2018,,358,0.0,5.0,2100.0,1,2
20743,2018,,49,0.0,4.0,3250.0,0,0
20764,2018,,15,0.0,5.0,2850.0,0,2
20774,2017,,409,0.0,1.0,4650.0,0,2
20786,2018,,17,0.0,7.0,2200.0,0,1
20803,2018,,76,0.0,6.0,2350.0,0,1
20804,2018,,81,0.0,6.0,2350.0,0,0
20805,2018,,23,0.0,6.0,2350.0,0,0
20806,2018,,201,0.0,8.0,1500.0,1,2
20816,2018,,237,0.0,5.0,2700.0,0,1
20817,2018,,118,0.0,5.0,2850.0,0,1
20818,2018,,118,0.0,5.0,2700.0,0,1
20819,2018,,165,0.0,5.0,2700.0,0,1
20820,2018,,342,0.0,4.0,3100.0,0,1
20821,2018,,227,0.0,4.0,2950.0,0,0
20822,2018,,30,0.0,5.0,2500.0,0,2
20823,2018,,35,0.0,6.0,1950.0,1,2
20831,2018,,29,0.0,5.0,2600.0,0,2
20843,2018,,251,0.0,8.0,1600.0,2,2
20844,2018,,96,0.0,8.0,1550.0,1,2
20855,2018,,410,0.0,3.0,3650.0,0,2
20862,2018,,26,0.0,8.0,1600.0,1,0
20863,2018,,55,0.0,7.0,1650.0,1,0
20864,2018,,53,0.0,8.0,1600.0,2,2
20879,2018,,206,0.0,4.0,2950.0,0,0
20880,2018,,137,0.0,5.0,2700.0,0,0
20881,2018,,325,0.0,4.0,3100.0,0,0
20886,2017,,214,0.0,3.0,3850.0,0,1
20890,2018,,411,0.0,2.0,4100.0,0,1
20895,2018,,257,0.0,6.0,2250.0,0,2
20896,2018,,100,0.0,8.0,1550.0,1,2
20897,2018,,178,0.0,8.0,1500.0,1,2
20904,2018,,58,0.0,8.0,1550.0,1,2
20912,2018,,60,5.0,10.0,650.0,3,2
20913,2018,,14,0.0,5.0,2300.0,1,0
20914,2018,,12,0.0,3.0,2800.0,1,0
20915,2018,,298,0.0,5.0,2500.0,0,2
20925,2018,,307,0.0,5.0,2850.0,0,1
20926,2018,,51,0.0,4.0,2950.0,0,2
20933,2018,,412,0.0,6.0,2400.0,0,2
20948,2018,,317,0.0,5.0,2850.0,0,0
20952,2018,,36,0.0,6.0,1900.0,1,2
20961,2019,,149,0.0,4.0,3250.0,0,2
20962,2019,,108,0.0,5.0,2600.0,0,2
20964,2018,,121,0.0,3.0,3450.0,0,1
20968,2019,,323,0.0,5.0,2500.0,0,2
20969,2018,,365,0.0,7.0,2200.0,0,1
20970,2019,,64,0.0,6.0,2400.0,0,2
20971,2019,,66,0.0,5.0,2700.0,0,2
20972,2019,,258,0.0,4.0,3250.0,0,2
20985,2019,,260,0.0,7.0,1700.0,1,2
20993,2019,,5,0.0,5.0,2850.0,0,1
20994,2019,,119,0.0,4.0,2950.0,0,1
20995,2019,,88,0.0,5.0,2700.0,0,1
20996,2019,,212,0.0,4.0,3100.0,0,1
21004,2019,,214,0.0,3.0,3650.0,0,1
21005,2019,,342,0.0,4.0,2950.0,0,1
21006,2019,,90,0.0,4.0,3100.0,0,1
21015,2018,,214,0.0,3.0,3850.0,0,1
21016,2018,,150,0.0,4.0,3250.0,0,1
21031,2019,,12,0.0,5.0,2100.0,1,0
21032,2019,,13,0.0,5.0,2300.0,1,0
21041,2019,,202,0.0,4.0,3100.0,0,1
21051,2019,,239,0.0,5.0,2700.0,0,2
21056,2019,,78,0.0,4.0,3100.0,0,0
21057,2019,,271,0.0,4.0,3250.0,0,0
21059,2019,,413,0.0,3.0,3450.0,0,2
21060,2019,,148,0.0,3.0,3450.0,0,2
21061,2019,,251,0.0,8.0,1600.0,1,2
21062,2019,,251,0.0,7.0,1650.0,1,2
21075,2019,,8,0.0,5.0,2700.0,0,1
21080,2019,,329,2.0,8.0,2350.0,0,2
21099,2019,,83,0.0,7.0,1650.0,1,2
21100,2019,,276,0.0,5.0,2500.0,0,2
21111,2019,,207,0.0,4.0,2950.0,0,0
21112,2019,,312,0.0,4.0,2950.0,0,0
21113,2019,,414,0.0,5.0,2600.0,0,2
21114,2019,,73,0.0,8.0,1500.0,1,2
21127,2019,,415,5.0,10.0,600.0,3,2
21129,2019,,30,0.0,5.0,2500.0,0,2
21139,2019,,326,0.0,4.0,3250.0,0,0
21140,2019,,248,0.0,6.0,1900.0,1,2
21141,2019,,257,0.0,6.0,2350.0,0,2
21142,2019,,100,0.0,6.0,1850.0,1,2
21151,2019,,102,0.0,5.0,2850.0,0,2
21152,2019,,103,0.0,4.0,3100.0,0,2
21163,2019,,183,0.0,5.0,2850.0,0,0
21164,2019,,201,0.0,9.0,1350.0,1,2
21165,2019,,85,0.0,8.0,1450.0,1,2
21178,2019,,285,0.0,4.0,3100.0,0,0
21179,2019,,325,0.0,4.0,3100.0,0,0
21180,2019,,36,0.0,7.0,1650.0,1,2
21191,2019,,416,0.0,4.0,3250.0,0,0
21192,2019,,417,0.0,2.0,4100.0,0,0
21194,2019,,110,0.0,2.0,4100.0,0,2
21195,2019,,186,0.0,4.0,2950.0,0,2
21196,2019,,73,0.0,7.0,1650.0,1,2
21197,2019,,34,0.0,6.0,1950.0,1,2
21198,2019,,31,0.0,5.0,2500.0,0,2
21206,2019,,163,0.0,7.0,2200.0,0,2
21207,2019,,418,0.0,2.0,4100.0,0,1
21209,2019,,365,0.0,6.0,2400.0,0,1
21210,2019,,365,0.0,7.0,2200.0,0,1
21211,2019,,268,0.0,3.0,3850.0,0,0
21212,2019,,37,0.0,5.0,2050.0,1,0
21213,2019,,205,0.0,9.0,1250.0,1,2
21215,2019,,419,0.0,9.0,1350.0,1,2
21222,2019,,280,0.0,5.0,2100.0,1,0
21224,2020,,170,0.0,10.0,1000.0,1,2
21225,2020,,142,0.0,7.0,1600.0,1,2
21231,2020,,115,0.0,6.0,2350.0,0,2
21233,2019,,420,3.0,9.0,2100.0,0,2
21250,2020,,127,0.0,4.0,2950.0,0,0
21251,2020,,294,0.0,5.0,2600.0,0,0
21252,2020,,78,0.0,4.0,2950.0,0,0
21253,2020,,174,0.0,5.0,2600.0,0,0
21254,2020,,29,0.0,7.0,2200.0,0,2
21255,2020,,421,0.0,5.0,2600.0,0,2
21256,2020,,64,0.0,6.0,2400.0,0,2
21257,2020,,33,0.0,4.0,2950.0,0,2
21259,2020,,148,0.0,4.0,3250.0,0,2
21264,2020,,40,0.0,7.0,1750.0,1,2
21265,2020,,414,0.0,5.0,2600.0,0,2
21293,2020,,49,0.0,4.0,2650.0,1,0
21308,2020,,49,0.0,4.0,3250.0,0,0
21317,2020,,253,0.0,5.0,2600.0,0,0
21318,2020,,80,0.0,7.0,2100.0,0,0
21319,2020,,249,0.0,7.0,2100.0,0,0
21321,2020,,229,0.0,4.0,3100.0,0,2
21333,2020,,422,0.0,5.0,2850.0,0,0
21359,2020,,100,0.0,7.0,2200.0,0,2
21360,2020,,30,0.0,5.0,2500.0,0,2
21361,2020,,39,0.0,6.0,2350.0,0,2
21365,2020,,134,0.0,3.0,3850.0,0,1
21366,2020,,185,0.0,4.0,3250.0,0,1
21367,2020,,296,0.0,5.0,2700.0,0,0
21379,2020,,8,0.0,5.0,2700.0,0,1
21380,2020,,12,0.0,5.0,2200.0,1,0
21381,2020,,12,0.0,5.0,2100.0,1,0
21382,2020,,12,0.0,3.0,2950.0,1,0
21383,2020,,187,0.0,5.0,2300.0,1,0
21384,2020,,187,0.0,4.0,2400.0,1,0
21389,2020,,118,0.0,4.0,3250.0,0,1
21390,2020,,37,0.0,5.0,2050.0,1,0
21391,2020,,318,0.0,3.0,3450.0,0,0
21392,2020,,189,0.0,3.0,3850.0,0,0
21393,2020,,261,0.0,2.0,4100.0,0,0
21394,2020,,172,0.0,1.0,4650.0,0,2
21417,2020,,143,0.0,6.0,2350.0,0,0
21418,2020,,51,0.0,4.0,3100.0,0,2
21419,2020,,298,0.0,5.0,2700.0,0,2
21420,2020,,100,0.0,8.0,1500.0,1,2
21425,2020,,206,0.0,4.0,2950.0,0,0
21426,2020,,257,0.0,6.0,2350.0,0,2
21432,2020,,227,0.0,4.0,3100.0,0,0
21433,2020,,94,0.0,4.0,3100.0,0,2
21434,2020,,95,0.0,4.0,3100.0,0,2
21435,2020,,186,0.0,4.0,2950.0,0,2
21436,2020,,85,0.0,8.0,1450.0,1,2
21458,2020,,106,0.0,4.0,3100.0,0,0
21466,2020,,220,0.0,6.0,2400.0,0,2
21467,2020,,260,0.0,7.0,1700.0,1,2
21471,2020,,87,0.0,4.0,3250.0,0,1
21472,2020,,177,0.0,5.0,2600.0,0,2
21484,2020,,198,0.0,6.0,2400.0,0,2
21490,2021,,108,0.0,5.0,2600.0,0,2
21491,2021,,108,0.0,4.0,2950.0,0,2
21497,2020,,190,7.0,10.0,650.0,3,0
21503,2021,,266,3.0,8.0,2350.0,0,2
21504,2020,,302,7.0,10.0,2100.0,0,0
21523,2021,,26,0.0,7.0,1600.0,1,0
21524,2021,,151,0.0,7.0,1600.0,1,2
21538,2021,,80,0.0,6.0,2200.0,0,0
21546,2021,,423,0.0,3.0,3450.0,0,0
21562,2021,,25,0.0,5.0,2700.0,0,0
21563,2021,,198,0.0,6.0,2400.0,0,2
21578,2021,,78,0.0,5.0,2700.0,0,0
21579,2021,,49,0.0,4.0,2400.0,1,0
21580,2021,,49,0.0,2.0,4100.0,0,0
21581,2021,,49,0.0,4.0,3250.0,0,0
21587,2021,,145,0.0,6.0,2400.0,0,0
21588,2021,,189,0.0,3.0,3850.0,0,0
21589,2021,,10,0.0,3.0,3650.0,0,0
21590,2021,,421,0.0,5.0,2500.0,0,2
21591,2021,,424,0.0,5.0,2600.0,0,2
21592,2021,,47,0.0,6.0,2400.0,0,2
21593,2021,,295,0.0,6.0,2250.0,0,2
21605,2021,,308,0.0,5.0,2600.0,0,0
21617,2021,,260,0.0,7.0,1700.0,1,2
21629,2021,,178,0.0,7.0,1500.0,1,2
21650,2021,,166,0.0,5.0,2600.0,0,2
21651,2021,,192,0.0,5.0,2850.0,0,2
21652,2021,,217,0.0,5.0,2700.0,0,2
21653,2021,,184,0.0,6.0,1900.0,1,2
21671,2021,,46,0.0,4.0,2950.0,0,0
21672,2021,,18,0.0,5.0,2600.0,0,2
21673,2021,,34,0.0,5.0,2050.0,1,2
21674,2021,,300,0.0,6.0,1900.0,1,2
21675,2021,,35,0.0,7.0,1550.0,1,2
21695,2021,,6,0.0,6.0,2400.0,0,0
21696,2021,,91,0.0,5.0,2500.0,0,0
21697,2021,,296,0.0,5.0,2500.0,0,0
21698,2021,,311,0.0,5.0,2500.0,0,0
21699,2021,,422,0.0,5.0,2600.0,0,0
21700,2021,,312,0.0,5.0,2600.0,0,0
21701,2021,,102,0.0,5.0,2850.0,0,2
21702,2021,,229,0.0,4.0,2950.0,0,2
21710,2021,,205,0.0,8.0,1250.0,1,2
21711,2021,,419,0.0,8.0,1350.0,1,2
21731,2021,,237,0.0,4.0,3100.0,0,1
21732,2021,,119,0.0,4.0,3250.0,0,1
21733,2021,,120,0.0,4.0,3250.0,0,1
21734,2021,,204,0.0,4.0,3250.0,0,1
21735,2021,,88,0.0,4.0,3250.0,0,1
21739,2021,,416,0.0,4.0,3250.0,0,0
21740,2021,,227,0.0,4.0,2950.0,0,0
21749,2021,,201,0.0,8.0,1500.0,1,2
21750,2021,,201,0.0,8.0,1350.0,1,2
21751,2021,,85,0.0,8.0,1450.0,1,2
21757,2021,,425,6.0,9.0,2500.0,0,0
21758,2021,,77,0.0,5.0,2700.0,0,0
21759,2021,,426,0.0,3.0,2950.0,1,0
21762,2021,,68,0.0,5.0,2850.0,0,2
21763,2021,,68,0.0,4.0,3100.0,0,2
21771,2021,,187,0.0,4.0,2400.0,1,0
21772,2021,,426,0.0,3.0,3100.0,1,0
21773,2021,,12,0.0,5.0,2100.0,1,0
21774,2021,,14,0.0,5.0,2300.0,1,0
21788,2022,,76,0.0,5.0,2500.0,0,1
21790,2022,,149,0.0,4.0,3250.0,0,2
21794,2021,,336,9.0,10.0,850.0,3,2
21799,2022,,1,0.0,6.0,2350.0,0,1
21800,2022,,253,0.0,5.0,2600.0,0,0
21801,2022,,308,0.0,5.0,2600.0,0,0
21802,2022,,81,0.0,7.0,2100.0,0,0
21803,2022,,23,0.0,7.0,2100.0,0,0
21804,2022,,414,0.0,5.0,2600.0,0,2
21824,2022,,55,0.0,7.0,1650.0,1,0
21855,2022,,324,0.0,7.0,1550.0,1,2
21860,2021,,12,0.0,1.0,4650.0,0,0
21865,2022,,37,0.0,5.0,2050.0,1,0
21866,2022,,162,0.0,5.0,2850.0,0,0
21867,2022,,166,0.0,6.0,2400.0,0,2
21889,2022,,75,0.0,7.0,1700.0,1,0
21890,2022,,49,0.0,5.0,2400.0,1,0
21891,2022,,49,0.0,4.0,3450.0,0,0
21900,2022,,427,0.0,5.0,2500.0,0,0
21901,2022,,252,0.0,3.0,3650.0,0,0
21902,2022,,49,0.0,4.0,3250.0,0,0
21903,2022,,348,0.0,5.0,2500.0,0,2
21904,2022,,85,0.0,7.0,1500.0,1,2
21920,2022,,281,0.0,3.0,3850.0,0,1
21927,2022,,117,0.0,4.0,3250.0,0,1
21928,2022,,423,0.0,4.0,3450.0,0,0
21954,2022,,137,0.0,5.0,2950.0,0,0
21955,2022,,46,0.0,5.0,2950.0,0,0
21956,2022,,135,0.0,5.0,2600.0,0,0
21958,2022,,4,0.0,7.0,1500.0,1,2
21967,2022,,345,0.0,5.0,2950.0,0,1
21968,2022,,226,0.0,5.0,2700.0,0,2
21969,2022,,18,0.0,5.0,2600.0,0,2
21970,2022,,35,0.0,7.0,1550.0,1,2
21982,2022,,312,0.0,5.0,2700.0,0,0
22001,2022,,428,9.0,10.0,900.0,3,2
22005,2022,,183,0.0,5.0,2850.0,0,0
22019,2022,,6,0.0,5.0,2600.0,0,0
22030,2022,,214,0.0,3.0,3850.0,0,1
22049,2022,,12,0.0,5.0,2100.0,1,0
22050,2022,,231,0.0,5.0,2300.0,1,0
22051,2022,,187,0.0,4.0,2550.0,1,0
22052,2022,,187,0.0,5.0,2400.0,1,0
22053,2022,,276,0.0,5.0,2850.0,0,2
22062,2022,,89,0.0,4.0,3250.0,0,1
22063,2022,,429,10.0,10.0,650.0,3,0
22066,2022,,430,3.0,7.0,2600.0,0,2
22077,2023,,108,0.0,4.0,3100.0,0,2
22078,2022,,89,0.0,4.0,3450.0,0,1
22079,2022,,342,0.0,4.0,3450.0,0,1
22090,2023,,17,0.0,6.0,2100.0,0,1
22092,2023,,249,0.0,6.0,2100.0,0,0
22102,2023,,308,0.0,5.0,2700.0,0,0
22103,2023,,81,0.0,5.0,2400.0,0,0
22104,2023,,191,0.0,6.0,2250.0,0,0
22119,2022,,431,0.0,3.0,4100.0,0,1
22122,2023,,140,0.0,6.0,1650.0,1,0
22123,2023,,34,0.0,5.0,1950.0,1,2
22132,2023,,322,0.0,4.0,3450.0,0,1
22133,2023,,78,0.0,5.0,2500.0,0,0
22134,2023,,147,0.0,5.0,2400.0,0,0
22135,2023,,20,0.0,4.0,3450.0,0,0
22136,2023,,423,0.0,4.0,3450.0,0,0
22138,2023,,432,0.0,5.0,2500.0,0,2
22140,2023,,433,0.0,6.0,1600.0,1,2
22173,2023,,64,0.0,6.0,2350.0,0,0
22240,2023,,124,0.0,6.0,1600.0,1,2
22243,2023,,296,0.0,5.0,2700.0,0,0
22244,2023,,102,0.0,5.0,2850.0,0,2
22245,2023,,298,0.0,5.0,2600.0,0,2
22247,2023,,142,0.0,7.0,1500.0,1,2
22248,2023,,142,0.0,7.0,1550.0,1,2
22256,2023,,429,10.0,10.0,700.0,3,0
22264,2023,,106,0.0,5.0,2950.0,0,0
22265,2023,,273,0.0,4.0,3450.0,0,0
22266,2023,,311,0.0,5.0,2600.0,0,0
22267,2023,,312,0.0,5.0,2700.0,0,0
22268,2023,,154,0.0,5.0,2600.0,0,2
22276,2023,,118,0.0,4.0,3250.0,0,1
22277,2023,,204,0.0,4.0,3250.0,0,1
22278,2023,,89,0.0,4.0,3250.0,0,1
22280,2023,,69,0.0,6.0,2250.0,0,0
22281,2023,,92,0.0,4.0,3100.0,0,0
22282,2023,,434,0.0,5.0,2400.0,0,2
22295,2023,,183,0.0,5.0,2850.0,0,0
22297,2023,,337,0.0,4.0,3100.0,0,2
22324,2023,,426,0.0,3.0,3100.0,1,0
22325,2023,,12,0.0,5.0,2200.0,1,0
22326,2023,,96,0.0,6.0,1750.0,1,2
26385,2023,,416,0.0,4.0,3450.0,0,0
26386,2023,,267,0.0,4.0,3450.0,0,0
26393,2024,,63,0.0,5.0,2400.0,0,0
26395,2024,,20,0.0,4.0,3450.0,0,0
26396,2024,,197,0.0,4.0,3650.0,0,0
26397,2024,,299,0.0,4.0,3450.0,0,0
26398,2024,,249,0.0,6.0,2050.0,0,0
26399,2024,,23,0.0,6.0,2100.0,0,0
26405,2024,,215,0.0,5.0,2600.0,0,0
26411,2023,,186,0.0,5.0,2950.0,0,2
26424,2023,,435,8.0,10.0,650.0,3,0
27595,2016,,281,0.0,4.0,3250.0,0,1
27596,2017,,1,0.0,5.0,2600.0,0,1
27597,2017,,272,0.0,3.0,3850.0,0,0
27605,2017,,232,0.0,4.0,3450.0,0,0
27610,2017,,281,0.0,4.0,3100.0,0,1
27612,2017,,5,0.0,5.0,2850.0,0,1
27613,2017,,119,0.0,5.0,2950.0,0,1
27614,2017,,119,0.0,5.0,2700.0,0,1
27624,2017,,237,0.0,5.0,2850.0,0,1
27625,2017,,88,0.0,5.0,2700.0,0,1
27626,2017,,151,0.0,7.0,1750.0,1,2
27643,2017,,436,0.0,7.0,1850.0,1,2
27644,2017,,357,0.0,7.0,1850.0,1,2
27645,2017,,236,0.0,6.0,2050.0,1,2
27646,2017,,358,0.0,5.0,2100.0,1,2
27652,2017,,14,0.0,5.0,2300.0,1,0
27653,2017,,11,0.0,6.0,2500.0,0,2
27660,2017,,101,0.0,5.0,2700.0,0,1
27661,2017,,49,0.0,5.0,2600.0,0,0
27662,2017,,297,0.0,3.0,3850.0,0,0
27679,2017,,61,0.0,5.0,2700.0,0,0
27680,2017,,157,0.0,2.0,4100.0,0,0
27681,2017,,352,0.0,5.0,2850.0,0,0
27682,2017,,353,0.0,5.0,2850.0,0,0
27683,2017,,410,0.0,3.0,3650.0,0,2
27684,2017,,181,0.0,6.0,2500.0,0,0
27685,2017,,62,0.0,4.0,3250.0,0,0
27686,2017,,226,0.0,5.0,2600.0,0,2
27687,2017,,243,0.0,6.0,2350.0,0,2
27689,2017,,20,0.0,4.0,3250.0,0,2
27690,2017,,15,0.0,5.0,2200.0,1,2
27700,2017,,139,4.0,10.0,650.0,3,1
27702,2017,,367,0.0,3.0,3650.0,0,1
27703,2017,,21,0.0,7.0,2250.0,0,1
27718,2017,,126,0.0,5.0,2600.0,0,0
27719,2017,,141,0.0,6.0,2500.0,0,2
27721,2017,,243,0.0,6.0,2400.0,0,2
27722,2017,,38,0.0,5.0,2600.0,0,2
27723,2017,,64,0.0,6.0,2400.0,0,2
27724,2017,,147,0.0,6.0,2500.0,0,2
27725,2017,,112,0.0,6.0,2500.0,0,2
27727,2017,,278,0.0,4.0,3450.0,0,2
27728,2017,,98,0.0,7.0,1650.0,1,2
27729,2017,,31,0.0,5.0,2600.0,0,2
27730,2017,,35,0.0,7.0,1650.0,1,2
27740,2017,,78,0.0,5.0,2600.0,0,0
27741,2017,,290,0.0,5.0,2600.0,0,2
27747,2017,,128,0.0,5.0,2850.0,0,0
27748,2017,,437,0.0,7.0,2100.0,0,2
27749,2017,,66,0.0,5.0,2600.0,0,2
27750,2017,,40,0.0,6.0,1900.0,1,2
27751,2017,,178,0.0,8.0,1500.0,1,2
27754,2017,,76,0.0,6.0,2350.0,0,1
27755,2017,,157,0.0,2.0,4350.0,0,0
27756,2017,,438,0.0,2.0,4100.0,0,0
27757,2017,,96,0.0,7.0,1750.0,1,2
27758,2017,,96,0.0,7.0,1850.0,1,2
27763,2017,,42,0.0,6.0,1900.0,1,2
27776,2017,,411,0.0,2.0,4100.0,0,1
27777,2017,,133,0.0,3.0,3650.0,0,2
27778,2017,,439,0.0,4.0,2650.0,1,2
27787,2017,,369,0.0,6.0,2500.0,0,0
27788,2017,,250,0.0,3.0,3850.0,0,0
27789,2017,,440,0.0,4.0,3450.0,0,2
27800,2017,,441,5.0,10.0,1850.0,0,0
27801,2017,,131,0.0,6.0,1900.0,1,0
27803,2017,,295,0.0,7.0,2250.0,0,2
27804,2017,,279,0.0,6.0,2050.0,1,2
27817,2017,,84,0.0,6.0,2350.0,0,2
27832,2017,,102,0.0,5.0,2950.0,0,2
27836,2017,,284,0.0,8.0,1700.0,2,2
27854,2017,,342,0.0,4.0,3100.0,0,1
27855,2017,,90,0.0,5.0,2950.0,0,1
27856,2017,,54,0.0,4.0,3100.0,0,1
27857,2017,,212,0.0,4.0,3100.0,0,1
27862,2017,,56,0.0,7.0,1750.0,1,0
27863,2017,,220,0.0,6.0,2400.0,0,2
27868,2016,,74,0.0,6.0,1950.0,1,0
27872,2017,,155,0.0,10.0,1150.0,1,2
27882,2017,,251,0.0,8.0,1600.0,2,2
27883,2017,,251,0.0,8.0,1600.0,2,2
27889,2018,,181,0.0,6.0,2400.0,0,0
27890,2018,,220,0.0,6.0,2400.0,0,2
27892,2018,,181,0.0,6.0,2400.0,0,0
27896,2018,,111,0.0,6.0,2400.0,0,0
27897,2018,,304,0.0,5.0,2700.0,0,0
27898,2018,,271,0.0,4.0,3250.0,0,0
27899,2018,,403,0.0,4.0,2950.0,0,0
27900,2018,,404,0.0,4.0,3250.0,0,0
27902,2018,,290,0.0,5.0,2600.0,0,2
27903,2018,,291,0.0,4.0,2950.0,0,2
27904,2018,,114,0.0,3.0,3450.0,0,2
27915,2018,,115,0.0,5.0,2700.0,0,2
27924,2018,,292,0.0,3.0,3850.0,0,1
27925,2018,,442,0.0,5.0,2600.0,0,2
27933,2018,,136,0.0,2.0,4350.0,0,0
27940,2018,,73,0.0,7.0,1650.0,1,2
27942,2018,,436,0.0,6.0,1850.0,1,2
27950,2018,,49,0.0,5.0,2850.0,0,0
27961,2018,,353,0.0,4.0,2950.0,0,0
27962,2018,,131,0.0,6.0,1850.0,1,0
27963,2018,,41,0.0,6.0,2350.0,0,2
27966,2018,,15,0.0,5.0,2600.0,0,2
27975,2017,,286,0.0,1.0,5050.0,0,0
27976,2017,,443,1.0,8.0,2200.0,0,2
27978,2018,,19,0.0,4.0,3250.0,0,2
27990,2018,,37,0.0,5.0,2050.0,1,0
27991,2018,,80,0.0,7.0,2200.0,0,0
27992,2018,,249,0.0,7.0,2200.0,0,0
27993,2018,,35,0.0,8.0,1600.0,1,2
28013,2018,,128,0.0,5.0,2700.0,0,0
28015,2018,,79,0.0,4.0,3100.0,0,0
28016,2018,,249,0.0,7.0,2050.0,0,0
28017,2018,,82,0.0,6.0,2350.0,0,0
28018,2018,,243,0.0,6.0,2400.0,0,2
28019,2018,,397,0.0,5.0,2600.0,0,2
28020,2018,,397,0.0,5.0,2850.0,0,2
28021,2018,,251,0.0,8.0,1600.0,1,2
28031,2018,,120,0.0,5.0,2700.0,0,1
28032,2018,,204,0.0,5.0,2700.0,0,1
28033,2018,,88,0.0,5.0,2700.0,0,1
28034,2018,,342,0.0,4.0,2950.0,0,1
28044,2018,,212,0.0,4.0,3100.0,0,1
28045,2018,,212,0.0,4.0,2950.0,0,1
28046,2018,,126,0.0,5.0,2600.0,0,0
28053,2018,,416,0.0,3.0,3450.0,0,0
28054,2018,,267,0.0,3.0,3450.0,0,0
28055,2018,,437,0.0,7.0,2100.0,0,2
28068,2018,,278,0.0,3.0,3450.0,0,2
28072,2018,,266,2.0,9.0,2200.0,0,2
28073,2018,,444,3.0,8.0,3250.0,0,0
28075,2018,,370,0.0,5.0,2700.0,0,0
28076,2018,,445,0.0,4.0,2950.0,0,0
28077,2018,,98,0.0,6.0,1850.0,1,2
28096,2018,,268,0.0,3.0,3850.0,0,0
28097,2018,,151,0.0,7.0,1700.0,1,2
28117,2018,,157,0.0,1.0,4650.0,0,0
28121,2018,,58,0.0,7.0,1700.0,1,2
28129,2018,,14,0.0,5.0,2300.0,1,0
28130,2018,,14,0.0,3.0,2950.0,1,0
28143,2018,,101,0.0,5.0,2700.0,0,1
28144,2018,,446,0.0,5.0,2600.0,0,2
28145,2018,,440,0.0,3.0,3450.0,0,2
28174,2018,,135,0.0,5.0,2500.0,0,0
28181,2018,,443,1.0,8.0,2200.0,0,2
28182,2018,,36,0.0,6.0,1850.0,1,2
28194,2019,,108,0.0,4.0,3250.0,0,2
28196,2018,,121,0.0,4.0,2950.0,0,1
28201,2019,,40,0.0,7.0,1750.0,1,2
28203,2018,,133,0.0,4.0,3250.0,0,2
28204,2019,,182,0.0,5.0,2850.0,0,2
28205,2018,,21,0.0,7.0,2200.0,0,1
28206,2018,,365,0.0,6.0,2400.0,0,1
28209,2019,,63,0.0,5.0,2500.0,0,0
28210,2019,,304,0.0,5.0,2700.0,0,0
28211,2019,,80,0.0,7.0,2200.0,0,0
28212,2019,,80,0.0,7.0,2050.0,0,0
28213,2019,,249,0.0,7.0,2200.0,0,0
28215,2019,,65,0.0,6.0,2400.0,0,2
28217,2019,,33,0.0,5.0,2600.0,0,2
28218,2019,,66,0.0,4.0,3100.0,0,2
28219,2019,,263,0.0,4.0,3100.0,0,2
28221,2019,,67,0.0,2.0,4100.0,0,2
28232,2019,,41,0.0,6.0,2350.0,0,2
28248,2019,,68,0.0,5.0,2850.0,0,2
28249,2019,,68,0.0,3.0,3450.0,0,2
28257,2019,,87,0.0,5.0,2850.0,0,1
28259,2019,,204,0.0,4.0,2950.0,0,1
28260,2019,,88,0.0,4.0,2950.0,0,1
28265,2019,,117,0.0,5.0,2850.0,0,1
28266,2019,,118,0.0,5.0,2850.0,0,1
28267,2019,,87,0.0,5.0,2700.0,0,1
28268,2019,,89,0.0,5.0,2850.0,0,1
28270,2019,,115,0.0,5.0,2700.0,0,2
28271,2019,,41,0.0,5.0,2850.0,0,2
28279,2019,,26,0.0,8.0,1600.0,1,0
28302,2019,,14,0.0,5.0,2300.0,1,0
28303,2019,,13,0.0,5.0,2300.0,1,0
28312,2019,,281,0.0,4.0,3100.0,0,1
28327,2019,,127,0.0,5.0,2700.0,0,0
28328,2019,,174,0.0,5.0,2700.0,0,0
28329,2019,,128,0.0,4.0,3100.0,0,0
28330,2019,,129,0.0,4.0,3250.0,0,0
28331,2019,,49,0.0,3.0,3450.0,0,0
28332,2019,,49,0.0,4.0,2650.0,1,0
28333,2019,,49,0.0,4.0,3250.0,0,0
28334,2019,,20,0.0,3.0,3450.0,0,2
28336,2019,,279,0.0,6.0,1850.0,1,2
28347,2019,,47,0.0,6.0,2400.0,0,2
28356,2019,,101,0.0,5.0,2700.0,0,1
28363,2019,,155,0.0,10.0,1150.0,1,2
28368,2019,,96,0.0,8.0,1550.0,1,2
28378,2019,,43,0.0,5.0,2700.0,0,0
28379,2019,,422,0.0,5.0,2850.0,0,0
28381,2019,,98,0.0,7.0,1700.0,1,2
28382,2019,,4,0.0,7.0,1650.0,1,2
28402,2019,,56,0.0,7.0,1700.0,1,0
28407,2019,,69,0.0,7.0,2200.0,0,0
28408,2019,,100,0.0,7.0,1650.0,1,2
28415,2019,,220,0.0,6.0,2400.0,0,2
28416,2019,,51,0.0,4.0,3100.0,0,2
28430,2019,,154,0.0,5.0,2500.0,0,2
28445,2019,,206,0.0,4.0,2950.0,0,0
28458,2019,,93,0.0,4.0,3250.0,0,0
28460,2019,,267,0.0,4.0,3250.0,0,0
28461,2019,,274,0.0,6.0,2400.0,0,2
28470,2019,,10,0.0,3.0,3650.0,0,0
28471,2019,,178,0.0,8.0,1500.0,1,2
28478,2019,,261,0.0,2.0,4100.0,0,0
28482,2020,,447,0.0,6.0,2400.0,0,2
28497,2020,,126,0.0,6.0,2400.0,0,0
28499,2019,,156,0.0,7.0,1750.0,1,2
28500,2020,,127,0.0,5.0,2600.0,0,0
28502,2020,,448,0.0,5.0,2600.0,0,0
28503,2020,,175,0.0,4.0,3250.0,0,0
28504,2020,,175,0.0,3.0,3450.0,0,0
28505,2020,,63,0.0,5.0,2500.0,0,0
28506,2020,,271,0.0,4.0,3250.0,0,0
28507,2020,,18,0.0,6.0,2400.0,0,2
28508,2020,,323,0.0,5.0,2500.0,0,2
28509,2020,,323,0.0,5.0,2850.0,0,2
28510,2020,,226,0.0,5.0,2850.0,0,2
28511,2020,,424,0.0,5.0,2600.0,0,2
28512,2020,,290,0.0,5.0,2600.0,0,2
28513,2020,,113,0.0,5.0,2600.0,0,2
28517,2020,,108,0.0,4.0,2950.0,0,2
28518,2020,,40,0.0,6.0,1850.0,1,2
28523,2019,,275,0.0,4.0,2950.0,0,0
28552,2020,,98,0.0,6.0,1850.0,1,2
28553,2020,,101,0.0,6.0,2400.0,0,1
28554,2020,,49,0.0,2.0,4100.0,0,0
28555,2020,,49,0.0,5.0,2850.0,0,0
28577,2020,,49,0.0,4.0,2400.0,1,0
28585,2020,,16,0.0,1.0,5050.0,0,1
28586,2020,,17,0.0,7.0,2100.0,0,1
28588,2020,,449,0.0,5.0,2850.0,0,0
28589,2020,,23,0.0,7.0,2200.0,0,0
28590,2020,,141,0.0,6.0,2350.0,0,2
28591,2020,,184,0.0,6.0,1900.0,1,2
28614,2020,,207,0.0,4.0,2950.0,0,0
28615,2020,,96,0.0,8.0,1500.0,1,2
28639,2020,,185,0.0,4.0,3250.0,0,1
28640,2020,,91,0.0,5.0,2600.0,0,0
28649,2020,,231,0.0,5.0,2300.0,1,0
28653,2020,,75,0.0,5.0,2100.0,1,0
28654,2020,,24,0.0,5.0,2600.0,0,0
28656,2020,,122,0.0,3.0,3100.0,1,0
28657,2020,,47,0.0,6.0,2400.0,0,2
28658,2020,,73,0.0,8.0,1500.0,1,2
28681,2020,,123,0.0,8.0,1500.0,1,2
28683,2020,,132,3.0,8.0,2400.0,0,2
28684,2020,,329,3.0,8.0,2600.0,0,2
28687,2020,,102,0.0,5.0,2850.0,0,2
28688,2020,,440,0.0,3.0,3450.0,0,2
28691,2020,,188,0.0,1.0,4650.0,0,0
28692,2020,,100,0.0,7.0,1650.0,1,2
28697,2020,,32,0.0,4.0,2950.0,0,0
28698,2020,,325,0.0,4.0,3100.0,0,0
28702,2020,,326,0.0,4.0,3250.0,0,0
28707,2020,,62,0.0,5.0,2850.0,0,0
28708,2020,,267,0.0,4.0,3250.0,0,0
28709,2020,,419,0.0,9.0,1350.0,1,2
28723,2020,,306,0.0,5.0,2850.0,0,0
28739,2020,,116,3.0,8.0,2400.0,0,0
28748,2020,,237,0.0,4.0,3250.0,0,1
28749,2020,,120,0.0,4.0,3250.0,0,1
28755,2020,,217,0.0,5.0,2850.0,0,2
28761,2020,,138,7.0,10.0,650.0,3,0
28762,2021,,108,0.0,4.0,3250.0,0,2
28765,2021,,1,0.0,6.0,2350.0,0,1
28766,2021,,40,0.0,6.0,1750.0,1,2
28773,2021,,193,0.0,7.0,1650.0,1,2
28774,2021,,450,0.0,7.0,1550.0,1,2
28785,2021,,151,0.0,8.0,1500.0,1,2
28806,2021,,293,0.0,3.0,3650.0,0,1
28809,2021,,224,0.0,3.0,3650.0,0,1
28815,2021,,348,0.0,5.0,2500.0,0,2
28826,2021,,126,0.0,5.0,2600.0,0,0
28827,2021,,128,0.0,4.0,3100.0,0,0
28828,2021,,448,0.0,5.0,2700.0,0,0
28829,2021,,49,0.0,4.0,2650.0,1,0
28838,2021,,414,0.0,4.0,2950.0,0,2
28839,2021,,414,0.0,5.0,2600.0,0,2
28851,2021,,134,0.0,3.0,3850.0,0,1
28852,2021,,70,0.0,6.0,1850.0,1,2
28857,2021,,451,0.0,6.0,2250.0,0,0
28858,2021,,184,0.0,6.0,1900.0,1,2
28879,2021,,427,0.0,5.0,2600.0,0,0
28885,2021,,11,0.0,5.0,2500.0,0,2
28900,2021,,61,0.0,5.0,2500.0,0,0
28902,2021,,135,0.0,5.0,2600.0,0,0
28903,2021,,452,0.0,6.0,2400.0,0,2
28904,2021,,166,0.0,6.0,2400.0,0,2
28905,2021,,217,0.0,5.0,2500.0,0,2
28906,2021,,300,0.0,6.0,1900.0,1,2
28907,2021,,35,0.0,7.0,1600.0,1,2
28924,2021,,207,0.0,5.0,2600.0,0,0
28925,2021,,449,0.0,5.0,2850.0,0,0
28926,2021,,51,0.0,4.0,2950.0,0,2
28927,2021,,103,0.0,4.0,2950.0,0,2
28949,2021,,185,0.0,4.0,3250.0,0,1
28950,2021,,203,0.0,3.0,3850.0,0,1
28951,2021,,281,0.0,3.0,3850.0,0,1
28952,2021,,96,0.0,7.0,1500.0,1,2
28967,2021,,117,0.0,4.0,3250.0,0,1
28968,2021,,118,0.0,4.0,3250.0,0,1
28973,2021,,230,0.0,3.0,3650.0,0,2
28978,2021,,19,0.0,3.0,3450.0,0,2
28979,2021,,85,0.0,7.0,1500.0,1,2
28988,2021,,453,6.0,9.0,2950.0,0,0
28996,2021,,454,7.0,10.0,600.0,3,2
29002,2021,,138,7.0,10.0,650.0,3,0
29005,2021,,231,0.0,4.0,2400.0,1,0
29007,2021,,14,0.0,5.0,2300.0,1,0
29008,2021,,14,0.0,3.0,2950.0,1,0
29017,2022,,108,0.0,4.0,3100.0,0,2
29026,2022,,249,0.0,7.0,2100.0,0,0
29027,2022,,23,0.0,6.0,2400.0,0,0
29030,2022,,299,0.0,4.0,3250.0,0,0
29038,2022,,414,0.0,5.0,2950.0,0,2
29055,2022,,108,0.0,5.0,2700.0,0,2
29073,2022,,192,0.0,3.0,3650.0,0,2
29087,2022,,142,0.0,7.0,1550.0,1,2
29088,2022,,142,0.0,7.0,1650.0,1,2
29096,2022,,455,0.0,4.0,3450.0,0,1
29097,2022,,452,0.0,6.0,2400.0,0,2
29098,2022,,151,0.0,7.0,1500.0,1,2
29112,2021,,12,0.0,2.0,4350.0,0,0
29116,2022,,147,0.0,6.0,2400.0,0,0
29117,2022,,63,0.0,6.0,2400.0,0,0
29118,2022,,434,0.0,6.0,2350.0,0,2
29119,2022,,347,0.0,4.0,3450.0,0,2
29120,2022,,255,0.0,5.0,2600.0,0,2
29121,2022,,456,0.0,6.0,2200.0,0,2
29122,2022,,218,0.0,6.0,2350.0,0,2
29134,2022,,49,0.0,4.0,2650.0,1,0
29135,2022,,123,0.0,7.0,1700.0,1,2
29136,2022,,124,0.0,7.0,1600.0,1,2
29141,2022,,101,0.0,5.0,2950.0,0,1
29142,2022,,174,0.0,5.0,2500.0,0,0
29143,2022,,111,0.0,6.0,2350.0,0,0
29144,2022,,215,0.0,5.0,2500.0,0,0
29145,2022,,65,0.0,6.0,2350.0,0,2
29146,2022,,201,0.0,7.0,1500.0,1,2
29172,2022,,5,0.0,4.0,3250.0,0,1
29173,2022,,118,0.0,4.0,3250.0,0,1
29174,2022,,165,0.0,4.0,3250.0,0,1
29175,2022,,88,0.0,4.0,3250.0,0,1
29183,2022,,322,0.0,4.0,3450.0,0,1
29184,2022,,295,0.0,6.0,2250.0,0,2
29194,2022,,325,0.0,4.0,3100.0,0,0
29196,2022,,106,0.0,5.0,2950.0,0,0
29197,2022,,103,0.0,5.0,2950.0,0,2
29198,2022,,457,0.0,4.0,3250.0,0,2
29207,2022,,458,0.0,5.0,2850.0,0,0
29227,2022,,345,0.0,5.0,2600.0,0,1
29228,2022,,180,0.0,5.0,2600.0,0,0
29229,2022,,459,0.0,4.0,3100.0,0,2
29243,2022,,224,0.0,3.0,3650.0,0,1
29244,2022,,273,0.0,4.0,3450.0,0,0
29245,2022,,69,0.0,6.0,2250.0,0,0
29246,2022,,422,0.0,5.0,2600.0,0,0
29254,2022,,177,0.0,5.0,2700.0,0,2
29257,2022,,460,10.0,10.0,900.0,3,2
29258,2022,,461,10.0,10.0,950.0,3,2
29261,2022,,449,0.0,5.0,2950.0,0,0
29299,2022,,134,0.0,3.0,3850.0,0,1
29314,2022,,70,0.0,6.0,1850.0,1,2
29327,2022,,231,0.0,5.0,2400.0,1,0
29328,2022,,12,0.0,5.0,2100.0,1,0
29329,2022,,426,0.0,3.0,2950.0,1,0
29330,2022,,426,0.0,3.0,3100.0,1,0
29331,2022,,14,0.0,5.0,2300.0,1,0
29341,2022,,90,0.0,4.0,3450.0,0,1
29342,2022,,90,0.0,4.0,3450.0,0,1
29348,2023,,108,0.0,5.0,2600.0,0,2
29351,2023,,254,0.0,3.0,3850.0,0,0
29352,2023,,189,0.0,3.0,3850.0,0,0
29353,2023,,80,0.0,6.0,2100.0,0,0
29358,2022,,275,0.0,5.0,2850.0,0,0
29360,2023,,76,0.0,6.0,2200.0,0,1
29361,2023,,1,0.0,5.0,2400.0,0,1
29362,2023,,253,0.0,5.0,2700.0,0,0
29366,2023,,101,0.0,5.0,2600.0,0,1
29368,2022,,188,0.0,2.0,4650.0,0,0
29382,2023,,171,4.0,10.0,650.0,3,0
29389,2023,,49,0.0,5.0,2950.0,0,0
29390,2023,,49,0.0,5.0,2600.0,0,0
29391,2023,,49,0.0,3.0,4100.0,0,0
29403,2023,,49,0.0,5.0,2400.0,1,0
29405,2023,,34,0.0,6.0,1900.0,1,2
29416,2023,,162,0.0,5.0,2850.0,0,0
29417,2023,,462,0.0,5.0,2100.0,1,0
29418,2023,,25,0.0,6.0,2350.0,0,0
29419,2023,,174,0.0,5.0,2500.0,0,0
29420,2023,,63,0.0,5.0,2400.0,0,0
29421,2023,,195,0.0,5.0,2400.0,0,0
29422,2023,,331,0.0,4.0,3450.0,0,2
29423,2023,,463,0.0,4.0,3650.0,0,2
29445,2023,,332,0.0,6.0,1750.0,1,2
29446,2023,,332,0.0,6.0,1750.0,1,2
29496,2023,,123,0.0,7.0,1500.0,1,2
29515,2023,,460,10.0,10.0,900.0,3,2
29516,2023,,464,9.0,10.0,850.0,3,2
29517,2023,,461,10.0,10.0,900.0,3,2
29520,2023,,135,0.0,5.0,2600.0,0,0
29521,2023,,39,0.0,6.0,2250.0,0,2
29530,2023,,117,0.0,4.0,3250.0,0,1
29531,2023,,237,0.0,4.0,3250.0,0,1
29532,2023,,120,0.0,4.0,3250.0,0,1
29533,2023,,120,0.0,4.0,3250.0,0,1
29534,2023,,165,0.0,4.0,3250.0,0,1
29535,2023,,165,0.0,4.0,3250.0,0,1
29537,2023,,119,0.0,4.0,3250.0,0,1
29538,2023,,342,0.0,4.0,3250.0,0,1
29539,2023,,90,0.0,4.0,3450.0,0,1
29540,2023,,202,0.0,3.0,3850.0,0,1
29541,2023,,281,0.0,3.0,3850.0,0,1
29542,2023,,225,0.0,4.0,3450.0,0,0
29543,2023,,323,0.0,5.0,2600.0,0,2
29544,2023,,459,0.0,4.0,3100.0,0,2
29546,2023,,170,0.0,8.0,1050.0,1,2
29563,2023,,276,0.0,5.0,2850.0,0,2
29587,2023,,156,0.0,6.0,1700.0,1,2
29588,2023,,96,0.0,7.0,1500.0,1,2
31320,2016,,40,0.0,7.0,1750.0,1,2
31321,2016,,465,7.0,10.0,650.0,3,0
31326,2016,,257,0.0,7.0,2250.0,0,2
31336,2016,,259,0.0,7.0,1700.0,1,2
31337,2016,,4,0.0,7.0,1750.0,1,2
31341,2016,,403,0.0,5.0,2850.0,0,0
31342,2016,,0,0.0,3.0,3850.0,0,0
31343,2016,,272,0.0,3.0,4100.0,0,0
31344,2016,,258,0.0,4.0,3650.0,0,2
31354,2016,,404,0.0,4.0,3250.0,0,0
31355,2016,,263,0.0,4.0,3250.0,0,2
31363,2016,,101,0.0,7.0,2350.0,0,1
31375,2016,,73,0.0,8.0,1600.0,1,2
31378,2016,,136,0.0,2.0,4350.0,0,0
31383,2016,,11,0.0,5.0,2550.0,1,2
31384,2016,,466,0.0,5.0,2550.0,1,2
31391,2016,,5,0.0,5.0,2950.0,0,1
31392,2016,,87,0.0,5.0,2950.0,0,1
31393,2016,,120,0.0,5.0,2950.0,0,1
31394,2016,,342,0.0,5.0,3100.0,0,1
31395,2016,,90,0.0,5.0,3100.0,0,1
31396,2016,,202,0.0,4.0,3250.0,0,1
31397,2016,,203,0.0,4.0,3250.0,0,1
31399,2016,,436,0.0,7.0,1850.0,1,2
31408,2016,,151,0.0,7.0,1750.0,1,2
31420,2016,,278,0.0,4.0,3450.0,0,2
31425,2016,,181,0.0,6.0,2500.0,0,0
31426,2016,,163,0.0,6.0,2400.0,0,2
31427,2016,,31,0.0,6.0,2600.0,0,2
31436,2016,,379,0.0,4.0,3450.0,0,0
31454,2016,,50,0.0,8.0,1600.0,1,2
31455,2016,,50,0.0,8.0,1700.0,1,2
31456,2016,,44,0.0,4.0,3450.0,0,2
31457,2016,,410,0.0,4.0,3650.0,0,2
31458,2016,,23,0.0,6.0,2400.0,0,0
31459,2016,,388,0.0,6.0,2400.0,0,2
31460,2016,,382,0.0,6.0,2050.0,1,2
31461,2016,,34,0.0,7.0,1900.0,1,2
31473,2016,,467,0.0,6.0,2600.0,0,0
31474,2016,,131,0.0,6.0,2050.0,1,0
31475,2016,,394,0.0,6.0,2500.0,0,2
31476,2016,,468,0.0,5.0,2700.0,0,2
31477,2016,,468,0.0,5.0,2850.0,0,2
31478,2016,,94,0.0,4.0,3250.0,0,2
31479,2016,,469,0.0,7.0,2250.0,0,2
31481,2016,,392,0.0,6.0,2400.0,0,2
31482,2016,,279,0.0,7.0,1900.0,1,2
31488,2016,,57,0.0,8.0,1500.0,1,0
31490,2016,,82,0.0,6.0,2600.0,0,0
31491,2016,,243,0.0,7.0,2350.0,0,2
31492,2016,,284,0.0,8.0,1700.0,2,2
31493,2016,,19,0.0,4.0,3450.0,0,2
31494,2016,,470,0.0,6.0,2400.0,0,2
31495,2016,,363,0.0,5.0,2850.0,0,2
31497,2016,,20,0.0,4.0,3450.0,0,2
31498,2016,,30,0.0,6.0,2400.0,0,2
31515,2016,,80,0.0,7.0,2200.0,0,0
31519,2016,,21,0.0,7.0,2200.0,0,1
31520,2016,,365,0.0,7.0,2200.0,0,1
31521,2016,,80,0.0,8.0,2050.0,0,0
31522,2016,,397,0.0,5.0,2850.0,0,2
31524,2016,,471,5.0,10.0,2050.0,0,0
31526,2016,,12,0.0,6.0,2100.0,1,0
31527,2016,,12,0.0,4.0,2800.0,1,0
31528,2016,,14,0.0,4.0,2950.0,1,0
31529,2016,,12,0.0,4.0,2800.0,1,0
31530,2016,,261,0.0,3.0,4100.0,0,0
31531,2016,,38,0.0,6.0,2600.0,0,2
31532,2016,,239,0.0,5.0,2400.0,1,2
31533,2016,,279,0.0,6.0,2050.0,1,2
31537,2016,,472,0.0,5.0,2700.0,0,2
31547,2016,,60,3.0,10.0,650.0,3,2
31548,2016,,58,0.0,8.0,1550.0,1,2
31549,2016,,58,0.0,8.0,1650.0,1,2
31550,2016,,47,0.0,6.0,2400.0,0,2
31560,2016,,276,0.0,6.0,2500.0,0,2
31561,2016,,47,0.0,6.0,2400.0,0,2
31579,2016,,317,0.0,5.0,2950.0,0,0
31580,2016,,106,0.0,5.0,3100.0,0,0
31581,2016,,49,0.0,5.0,2400.0,1,0
31584,2016,,440,0.0,4.0,3450.0,0,2
31585,2016,,473,0.0,6.0,2050.0,1,2
31607,2016,,76,0.0,6.0,2500.0,0,1
31608,2016,,83,0.0,8.0,1550.0,1,2
31611,2016,,100,0.0,7.0,1750.0,1,2
31614,2017,,68,0.0,5.0,2850.0,0,2
35659,2023,,431,0.0,3.0,4100.0,0,1
35664,2024,,17,0.0,6.0,2100.0,0,1
35665,2024,,1,0.0,6.0,2350.0,0,1
35666,2024,,309,0.0,4.0,3450.0,0,0
35667,2024,,81,0.0,6.0,2100.0,0,0
35668,2024,,191,0.0,6.0,2250.0,0,0
35675,2024,,427,0.0,5.0,2600.0,0,0
35685,2024,,474,0.0,4.0,3650.0,0,2
35688,2024,,10,0.0,4.0,3650.0,0,0
35698,2024,,475,0.0,4.0,3100.0,0,0
35699,2023,,476,8.0,10.0,700.0,3,0
36899,2017,,374,0.0,5.0,2700.0,0,0
36900,2017,,477,0.0,5.0,2950.0,0,0
36902,2017,,272,0.0,2.0,4100.0,0,0
36903,2017,,478,0.0,5.0,2850.0,0,2
36904,2017,,291,0.0,5.0,2950.0,0,2
36905,2017,,85,0.0,8.0,1450.0,1,2
36912,2017,,136,0.0,2.0,4350.0,0,0
36922,2017,,115,0.0,5.0,2700.0,0,2
36928,2017,,125,0.0,4.0,3100.0,0,1
36929,2017,,91,0.0,5.0,2600.0,0,0
36932,2017,,117,0.0,5.0,2850.0,0,1
36933,2017,,117,0.0,5.0,2600.0,0,1
36934,2017,,118,0.0,5.0,2850.0,0,1
36935,2017,,120,0.0,5.0,2700.0,0,1
36938,2017,,237,0.0,5.0,2700.0,0,1
36939,2017,,87,0.0,5.0,2700.0,0,1
36941,2017,,151,0.0,7.0,1700.0,1,2
36942,2017,,41,0.0,5.0,2850.0,0,2
36943,2017,,164,0.0,7.0,1850.0,1,2
36944,2017,,479,0.0,1.0,4650.0,0,2
36963,2017,,13,0.0,5.0,2300.0,1,0
36967,2017,,49,0.0,4.0,3450.0,0,0
36968,2017,,366,0.0,9.0,1250.0,1,2
36986,2017,,355,0.0,4.0,3250.0,0,0
36987,2017,,480,0.0,4.0,3250.0,0,0
36988,2017,,318,0.0,3.0,3650.0,0,2
36993,2016,,481,0.0,3.0,4100.0,0,1
36994,2017,,17,0.0,7.0,2200.0,0,1
36995,2017,,62,0.0,4.0,3100.0,0,0
36996,2017,,162,0.0,4.0,3100.0,0,0
36997,2017,,79,0.0,4.0,3100.0,0,0
36998,2017,,79,0.0,5.0,2950.0,0,0
36999,2017,,249,0.0,7.0,2200.0,0,0
37000,2017,,19,0.0,4.0,3450.0,0,2
37001,2017,,239,0.0,5.0,2400.0,1,2
37010,2017,,21,0.0,8.0,1900.0,0,1
37011,2017,,365,0.0,6.0,2400.0,0,1
37012,2017,,376,0.0,4.0,3450.0,0,0
37013,2017,,81,0.0,6.0,2500.0,0,0
37014,2017,,23,0.0,6.0,2500.0,0,0
37015,2017,,82,0.0,6.0,2350.0,0,0
37016,2017,,82,0.0,6.0,2500.0,0,0
37032,2017,,111,0.0,6.0,2400.0,0,0
37033,2017,,26,0.0,8.0,1600.0,1,0
37034,2017,,15,0.0,6.0,2050.0,1,2
37035,2017,,278,0.0,4.0,3250.0,0,2
37036,2017,,239,0.0,5.0,2600.0,0,2
37037,2017,,98,0.0,7.0,1750.0,1,2
37038,2017,,251,0.0,7.0,1650.0,1,2
37040,2017,,35,0.0,8.0,1600.0,1,2
37048,2017,,32,0.0,5.0,2950.0,0,0
37049,2017,,137,0.0,5.0,2950.0,0,0
37050,2017,,73,0.0,8.0,1600.0,1,2
37051,2017,,34,0.0,6.0,1900.0,1,2
37057,2017,,448,0.0,5.0,2600.0,0,0
37058,2017,,397,0.0,5.0,2600.0,0,2
37059,2017,,113,0.0,5.0,2600.0,0,2
37060,2017,,283,0.0,4.0,3100.0,0,2
37061,2017,,97,0.0,4.0,3250.0,0,2
37068,2017,,318,0.0,2.0,4350.0,0,2
37069,2017,,442,0.0,5.0,2600.0,0,2
37076,2017,,282,0.0,4.0,3450.0,0,0
37077,2017,,94,0.0,4.0,3100.0,0,2
37090,2017,,296,0.0,6.0,2500.0,0,0
37091,2017,,473,0.0,6.0,2050.0,1,2
37104,2017,,250,0.0,2.0,4100.0,0,0
37111,2017,,74,0.0,6.0,1950.0,1,0
37112,2017,,279,0.0,6.0,1900.0,1,2
37113,2017,,7,0.0,6.0,1950.0,1,2
37128,2017,,402,0.0,7.0,2250.0,0,2
37146,2017,,416,0.0,4.0,3450.0,0,0
37147,2017,,186,0.0,5.0,2850.0,0,2
37164,2017,,89,0.0,4.0,3100.0,0,1
37165,2017,,89,0.0,5.0,2850.0,0,1
37166,2017,,342,0.0,5.0,2950.0,0,1
37167,2017,,90,0.0,4.0,3100.0,0,1
37171,2017,,248,0.0,7.0,1850.0,1,2
37172,2017,,59,0.0,7.0,1850.0,1,2
37173,2017,,59,0.0,6.0,1900.0,1,2
37177,2016,,443,1.0,8.0,2200.0,0,2
37184,2017,,415,5.0,10.0,600.0,3,2
37188,2018,,220,0.0,6.0,2400.0,0,2
37190,2018,,146,0.0,5.0,2850.0,0,0
37191,2018,,375,0.0,5.0,2850.0,0,0
37192,2018,,64,0.0,5.0,2600.0,0,2
37193,2018,,20,0.0,4.0,3250.0,0,2
37194,2018,,478,0.0,5.0,2850.0,0,2
37195,2018,,263,0.0,4.0,3250.0,0,2
37221,2018,,18,0.0,6.0,2400.0,0,2
37222,2018,,226,0.0,5.0,2700.0,0,2
37224,2018,,357,0.0,6.0,1850.0,1,2
37230,2018,,49,0.0,3.0,3450.0,0,0
37231,2018,,115,0.0,6.0,2350.0,0,2
37238,2018,,41,0.0,8.0,1700.0,2,2
37239,2018,,50,0.0,7.0,1700.0,1,2
37240,2018,,260,0.0,7.0,1700.0,1,2
37248,2018,,22,0.0,5.0,2600.0,0,0
37249,2018,,352,0.0,4.0,2950.0,0,0
37250,2018,,239,0.0,4.0,2400.0,1,2
37251,2018,,239,0.0,5.0,2600.0,0,2
37266,2018,,19,0.0,4.0,3250.0,0,2
37282,2018,,35,0.0,7.0,1650.0,1,2
37297,2018,,17,0.0,7.0,2050.0,0,1
37298,2018,,1,0.0,6.0,2350.0,0,1
37299,2018,,145,0.0,6.0,2400.0,0,0
37300,2018,,174,0.0,5.0,2700.0,0,0
37301,2018,,448,0.0,5.0,2700.0,0,0
37302,2018,,141,0.0,6.0,2400.0,0,2
37303,2018,,243,0.0,6.0,2350.0,0,2
37304,2018,,251,0.0,7.0,1650.0,1,2
37305,2018,,98,0.0,7.0,1750.0,1,2
37306,2018,,402,0.0,6.0,2250.0,0,2
37307,2018,,85,0.0,8.0,1500.0,1,2
37314,2018,,237,0.0,5.0,2850.0,0,1
37315,2018,,119,0.0,5.0,2700.0,0,1
37316,2018,,120,0.0,5.0,2850.0,0,1
37318,2018,,54,0.0,4.0,2950.0,0,1
37319,2018,,25,0.0,6.0,2400.0,0,0
37320,2018,,43,0.0,5.0,2600.0,0,0
37321,2018,,296,0.0,5.0,2600.0,0,0
37322,2018,,39,0.0,6.0,2400.0,0,2
37323,2018,,35,0.0,6.0,1900.0,1,2
37336,2018,,119,0.0,4.0,2950.0,0,1
37337,2018,,204,0.0,4.0,2950.0,0,1
37339,2018,,202,0.0,4.0,3100.0,0,1
37348,2018,,251,0.0,8.0,1600.0,2,2
37349,2018,,96,0.0,6.0,1850.0,1,2
37364,2018,,234,0.0,4.0,2950.0,0,0
37365,2018,,27,0.0,8.0,1550.0,1,0
37366,2018,,27,0.0,8.0,1500.0,1,0
37367,2018,,172,0.0,1.0,4650.0,0,2
37392,2018,,100,0.0,8.0,1500.0,1,2
37393,2018,,100,0.0,8.0,1500.0,1,2
37394,2018,,71,0.0,7.0,2050.0,0,2
37395,2018,,178,0.0,8.0,1550.0,1,2
37404,2018,,58,0.0,6.0,1900.0,1,2
37405,2018,,58,0.0,7.0,1700.0,1,2
37406,2018,,34,0.0,6.0,1900.0,1,2
37413,2018,,12,0.0,5.0,2100.0,1,0
37414,2018,,13,0.0,5.0,2300.0,1,0
37415,2018,,12,0.0,5.0,2100.0,1,0
37416,2018,,13,0.0,5.0,2300.0,1,0
37417,2018,,10,0.0,3.0,3650.0,0,0
37448,2018,,56,0.0,7.0,1700.0,1,0
37465,2018,,415,5.0,10.0,600.0,3,2
37466,2019,,35,0.0,8.0,1550.0,1,2
37467,2019,,35,0.0,8.0,1550.0,1,2
37480,2019,,40,0.0,7.0,1750.0,1,2
37481,2019,,40,0.0,6.0,1900.0,1,2
37482,2019,,40,0.0,6.0,1850.0,1,2
37484,2018,,417,0.0,2.0,4100.0,0,0
37485,2018,,326,0.0,4.0,3250.0,0,0
37486,2018,,297,0.0,3.0,3650.0,0,0
37487,2019,,323,0.0,5.0,2850.0,0,2
37488,2019,,226,0.0,5.0,2850.0,0,2
37490,2018,,139,4.0,10.0,650.0,3,1
37491,2019,,17,0.0,7.0,2100.0,0,1
37492,2019,,76,0.0,6.0,2350.0,0,1
37493,2019,,76,0.0,5.0,2500.0,0,1
37494,2019,,1,0.0,6.0,2350.0,0,1
37495,2019,,1,0.0,5.0,2600.0,0,1
37496,2019,,249,0.0,7.0,2100.0,0,0
37497,2019,,82,0.0,6.0,2350.0,0,0
37498,2019,,18,0.0,5.0,2700.0,0,2
37499,2019,,64,0.0,5.0,2600.0,0,2
37500,2019,,33,0.0,4.0,2950.0,0,2
37501,2019,,478,0.0,5.0,2850.0,0,2
37503,2019,,67,0.0,3.0,3850.0,0,2
37506,2018,,482,0.0,3.0,3450.0,0,2
37515,2019,,164,0.0,6.0,1850.0,1,2
37523,2019,,5,0.0,5.0,2700.0,0,1
37524,2019,,237,0.0,5.0,2700.0,0,1
37525,2019,,204,0.0,5.0,2700.0,0,1
37526,2019,,212,0.0,4.0,2950.0,0,1
37527,2019,,121,0.0,3.0,3450.0,0,1
37535,2019,,342,0.0,4.0,3100.0,0,1
37536,2019,,90,0.0,4.0,2950.0,0,1
37542,2019,,370,0.0,5.0,2700.0,0,0
37543,2019,,440,0.0,3.0,3450.0,0,2
37544,2019,,357,0.0,6.0,2350.0,0,2
37545,2019,,11,0.0,5.0,2600.0,0,2
37565,2019,,14,0.0,3.0,2950.0,1,0
37566,2019,,12,0.0,3.0,2800.0,1,0
37567,2019,,251,0.0,8.0,1600.0,2,2
37568,2019,,151,0.0,7.0,1650.0,1,2
37569,2019,,151,0.0,7.0,1700.0,1,2
37570,2019,,123,0.0,7.0,1700.0,1,2
37574,2019,,203,0.0,4.0,3100.0,0,1
37582,2019,,239,0.0,4.0,2550.0,1,2
37590,2019,,145,0.0,6.0,2400.0,0,0
37592,2019,,448,0.0,5.0,2700.0,0,0
37594,2019,,130,0.0,3.0,3450.0,0,0
37595,2019,,49,0.0,2.0,4100.0,0,0
37596,2019,,49,0.0,5.0,2850.0,0,0
37597,2019,,49,0.0,2.0,4100.0,0,0
37598,2019,,41,0.0,8.0,1700.0,2,2
37599,2019,,172,0.0,1.0,4650.0,0,2
37616,2019,,101,0.0,6.0,2400.0,0,1
37627,2019,,6,0.0,5.0,2600.0,0,0
37628,2019,,41,0.0,3.0,3650.0,0,2
37647,2019,,311,0.0,5.0,2850.0,0,0
37648,2019,,98,0.0,6.0,1850.0,1,2
37693,2019,,100,0.0,8.0,1500.0,1,2
37694,2019,,100,0.0,8.0,1600.0,1,2
37701,2019,,181,0.0,6.0,2400.0,0,0
37702,2019,,61,0.0,6.0,2400.0,0,0
37714,2019,,317,0.0,5.0,2850.0,0,0
37715,2019,,106,0.0,4.0,3100.0,0,0
37716,2019,,109,0.0,4.0,3250.0,0,2
37717,2019,,153,0.0,5.0,2850.0,0,2
37718,2019,,310,0.0,5.0,2500.0,0,2
37719,2019,,201,0.0,8.0,1500.0,1,2
37720,2019,,85,0.0,8.0,1500.0,1,2
37733,2019,,32,0.0,4.0,2950.0,0,0
37734,2019,,137,0.0,5.0,2700.0,0,0
37737,2019,,449,0.0,5.0,2850.0,0,0
37738,2019,,250,0.0,2.0,4350.0,0,0
37739,2019,,36,0.0,7.0,1650.0,1,2
37750,2019,,190,5.0,10.0,650.0,3,0
37753,2019,,309,0.0,4.0,3250.0,0,0
37754,2019,,282,0.0,4.0,3250.0,0,0
37755,2019,,227,0.0,4.0,3100.0,0,0
37756,2019,,442,0.0,5.0,2600.0,0,2
37757,2019,,95,0.0,4.0,3100.0,0,2
37771,2019,,21,0.0,6.0,2400.0,0,1
37772,2019,,451,0.0,6.0,2350.0,0,0
37782,2019,,24,0.0,5.0,2600.0,0,0
37783,2019,,300,0.0,6.0,1900.0,1,2
37790,2020,,142,0.0,8.0,1550.0,1,2
37791,2020,,450,0.0,8.0,1550.0,1,2
37792,2020,,193,0.0,7.0,1650.0,1,2
37795,2020,,41,0.0,6.0,2350.0,0,2
37799,2018,,144,0.0,3.0,3450.0,0,1
37805,2019,,156,0.0,7.0,1750.0,1,2
37806,2019,,184,0.0,6.0,1900.0,1,2
37808,2020,,25,0.0,5.0,2700.0,0,0
37809,2020,,128,0.0,4.0,2950.0,0,0
37811,2020,,130,0.0,4.0,3250.0,0,0
37812,2020,,130,0.0,3.0,3450.0,0,0
37813,2020,,18,0.0,5.0,2700.0,0,2
37814,2020,,182,0.0,5.0,2850.0,0,2
37815,2020,,64,0.0,5.0,2600.0,0,2
37816,2020,,65,0.0,6.0,2400.0,0,2
37817,2020,,66,0.0,5.0,2600.0,0,2
37818,2020,,413,0.0,3.0,3450.0,0,2
37825,2020,,40,0.0,6.0,1900.0,1,2
37827,2020,,149,0.0,4.0,3250.0,0,2
37828,2020,,151,0.0,7.0,1600.0,1,2
37837,2020,,26,0.0,7.0,1600.0,1,0
37844,2020,,357,0.0,6.0,2400.0,0,2
37855,2020,,49,0.0,2.0,4100.0,0,0
37856,2020,,273,0.0,3.0,3450.0,0,0
37857,2020,,4,0.0,8.0,1500.0,1,2
37886,2020,,292,0.0,3.0,3850.0,0,1
37887,2020,,293,0.0,3.0,3650.0,0,1
37888,2020,,183,0.0,5.0,2850.0,0,0
37903,2020,,49,0.0,3.0,3450.0,0,0
37904,2020,,96,0.0,7.0,1750.0,1,2
37925,2020,,156,0.0,7.0,1750.0,1,2
37928,2020,,144,0.0,3.0,3450.0,0,1
37934,2020,,420,3.0,9.0,2200.0,0,2
37936,2020,,14,0.0,5.0,2300.0,1,0
37937,2020,,231,0.0,5.0,2300.0,1,0
37939,2019,,444,3.0,8.0,3250.0,0,0
37941,2020,,237,0.0,4.0,3250.0,0,1
37942,2020,,280,0.0,5.0,2100.0,1,0
37943,2020,,22,0.0,5.0,2600.0,0,0
37944,2020,,295,0.0,6.0,2350.0,0,2
37972,2020,,451,0.0,6.0,2350.0,0,0
37973,2020,,230,0.0,3.0,3850.0,0,2
37974,2020,,35,0.0,6.0,1900.0,1,2
37997,2020,,416,0.0,4.0,3250.0,0,0
37998,2020,,282,0.0,4.0,3250.0,0,0
37999,2020,,92,0.0,4.0,2950.0,0,0
38000,2020,,201,0.0,8.0,1500.0,1,2
38001,2020,,85,0.0,8.0,1500.0,1,2
38019,2020,,250,0.0,2.0,4350.0,0,0
38036,2020,,117,0.0,4.0,3250.0,0,1
38037,2020,,5,0.0,4.0,3250.0,0,1
38039,2020,,118,0.0,4.0,3250.0,0,1
38043,2020,,36,0.0,7.0,1700.0,1,2
38046,2020,,178,0.0,8.0,1500.0,1,2
38048,2020,,180,0.0,6.0,2400.0,0,0
38052,2020,,192,0.0,5.0,2850.0,0,2
38055,2021,,149,0.0,5.0,2850.0,0,2
38059,2020,,171,4.0,10.0,650.0,3,0
38061,2021,,149,0.0,4.0,3250.0,0,2
38065,2021,,17,0.0,7.0,2100.0,0,1
38067,2021,,80,0.0,7.0,2100.0,0,0
38068,2021,,81,0.0,6.0,2400.0,0,0
38069,2021,,40,0.0,6.0,1900.0,1,2
38070,2021,,40,0.0,6.0,1850.0,1,2
38073,2020,,168,0.0,3.0,3450.0,0,0
38075,2021,,81,0.0,6.0,2200.0,0,0
38076,2021,,23,0.0,6.0,2200.0,0,0
38079,2021,,142,0.0,7.0,1550.0,1,2
38081,2021,,69,0.0,6.0,2250.0,0,0
38097,2021,,55,0.0,7.0,1650.0,1,0
38106,2021,,357,0.0,6.0,2400.0,0,2
38107,2021,,11,0.0,5.0,2600.0,0,2
38117,2021,,249,0.0,6.0,2200.0,0,0
38124,2021,,123,0.0,7.0,1700.0,1,2
38131,2021,,285,0.0,4.0,3250.0,0,0
38150,2021,,78,0.0,4.0,3100.0,0,0
38151,2021,,49,0.0,3.0,3450.0,0,0
38157,2021,,175,0.0,3.0,3450.0,0,0
38177,2021,,162,0.0,4.0,2950.0,0,0
38190,2021,,147,0.0,6.0,2400.0,0,0
38191,2021,,141,0.0,6.0,2350.0,0,2
38217,2021,,309,0.0,3.0,3450.0,0,0
38219,2021,,156,0.0,6.0,1750.0,1,2
38223,2021,,318,0.0,2.0,4350.0,0,0
38230,2021,,154,0.0,5.0,2600.0,0,2
38232,2021,,36,0.0,7.0,1650.0,1,2
38244,2021,,257,0.0,6.0,2350.0,0,2
38245,2021,,324,0.0,7.0,1700.0,1,2
38251,2021,,43,0.0,5.0,2600.0,0,0
38252,2021,,30,0.0,6.0,2400.0,0,2
38253,2021,,337,0.0,4.0,2950.0,0,2
38269,2021,,420,3.0,8.0,2200.0,0,2
38272,2021,,202,0.0,3.0,3850.0,0,1
38274,2021,,96,0.0,6.0,1750.0,1,2
38285,2021,,4,0.0,8.0,1500.0,1,2
38292,2021,,120,0.0,4.0,3250.0,0,1
38294,2021,,39,0.0,6.0,2400.0,0,2
38295,2021,,93,0.0,4.0,3250.0,0,0
38296,2021,,282,0.0,4.0,3250.0,0,0
38297,2021,,161,0.0,3.0,3850.0,0,0
38302,2021,,346,0.0,6.0,2350.0,0,2
38303,2021,,276,0.0,5.0,2850.0,0,2
38323,2021,,68,0.0,3.0,3650.0,0,2
38324,2021,,299,0.0,4.0,3250.0,0,0
38331,2021,,12,0.0,5.0,2100.0,1,0
38332,2021,,12,0.0,3.0,2800.0,1,0
38355,2021,,301,7.0,10.0,2100.0,0,0
38356,2021,,302,7.0,10.0,2100.0,0,0
38361,2021,,159,0.0,3.0,3850.0,0,0
38366,2022,,80,0.0,7.0,2050.0,0,0
38367,2022,,249,0.0,7.0,2050.0,0,0
38368,2022,,191,0.0,5.0,2600.0,0,0
38371,2021,,223,10.0,10.0,950.0,3,2
38372,2022,,309,0.0,4.0,3450.0,0,0
38373,2021,,196,0.0,5.0,2500.0,0,0
38375,2022,,76,0.0,6.0,2200.0,0,1
38376,2022,,152,0.0,5.0,2850.0,0,0
38400,2022,,321,0.0,9.0,1100.0,1,2
38404,2021,,334,0.0,4.0,3100.0,0,2
38405,2021,,459,0.0,4.0,3100.0,0,2
38432,2022,,142,0.0,7.0,1600.0,1,2
38433,2022,,450,0.0,7.0,1550.0,1,2
38434,2022,,324,0.0,7.0,1700.0,1,2
38440,2022,,483,0.0,5.0,2700.0,0,0
38441,2022,,220,0.0,6.0,2250.0,0,2
38452,2022,,20,0.0,4.0,3450.0,0,0
38453,2022,,346,0.0,6.0,2350.0,0,2
38460,2022,,49,0.0,5.0,2600.0,0,0
38462,2022,,22,0.0,6.0,2400.0,0,0
38463,2022,,166,0.0,5.0,2600.0,0,2
38464,2022,,167,0.0,5.0,2850.0,0,2
38465,2022,,123,0.0,7.0,1500.0,1,2
38471,2022,,126,0.0,6.0,2250.0,0,0
38472,2022,,484,0.0,5.0,2500.0,0,2
38473,2022,,432,0.0,5.0,2500.0,0,2
38474,2022,,463,0.0,3.0,3650.0,0,2
38499,2022,,237,0.0,4.0,3100.0,0,1
38500,2022,,237,0.0,4.0,3250.0,0,1
38501,2022,,118,0.0,4.0,3250.0,0,1
38502,2022,,87,0.0,4.0,3250.0,0,1
38506,2022,,451,0.0,6.0,2350.0,0,0
38507,2022,,419,0.0,8.0,1350.0,1,2
38522,2022,,485,0.0,2.0,4350.0,0,0
38541,2022,,182,0.0,5.0,2700.0,0,2
38554,2022,,311,0.0,5.0,2600.0,0,0
38588,2021,,486,0.0,6.0,2350.0,0,2
38591,2022,,91,0.0,5.0,2600.0,0,0
38595,2022,,92,0.0,5.0,2950.0,0,0
38596,2022,,227,0.0,5.0,2950.0,0,0
38603,2022,,150,0.0,4.0,3250.0,0,1
38604,2022,,96,0.0,7.0,1500.0,1,2
38626,2022,,156,0.0,7.0,1700.0,1,2
38627,2022,,184,0.0,6.0,1950.0,1,2
38633,2022,,12,0.0,4.0,2800.0,1,0
38634,2022,,14,0.0,5.0,2300.0,1,0
38651,2022,,351,3.0,8.0,2500.0,0,2
38653,2022,,212,0.0,4.0,3450.0,0,1
38671,2023,,149,0.0,5.0,2850.0,0,2
38679,2023,,249,0.0,6.0,2050.0,0,0
38685,2023,,76,0.0,5.0,2400.0,0,1
38686,2023,,23,0.0,6.0,2100.0,0,0
38687,2023,,112,0.0,5.0,2400.0,0,2
38696,2023,,150,0.0,4.0,3250.0,0,1
38703,2023,,49,0.0,4.0,2650.0,1,0
38719,2023,,345,0.0,5.0,2600.0,0,1
38720,2023,,22,0.0,5.0,2500.0,0,0
38721,2023,,344,0.0,5.0,2500.0,0,2
38729,2023,,483,0.0,5.0,2700.0,0,0
38730,2023,,24,0.0,5.0,2500.0,0,0
38731,2023,,126,0.0,6.0,2250.0,0,0
38732,2023,,427,0.0,5.0,2600.0,0,0
38733,2023,,327,0.0,4.0,3450.0,0,0
38734,2023,,270,0.0,5.0,2700.0,0,2
38735,2023,,198,0.0,5.0,2400.0,0,2
38736,2023,,255,0.0,5.0,2600.0,0,2
38737,2023,,166,0.0,5.0,2400.0,0,2
38738,2023,,192,0.0,5.0,2850.0,0,2
38739,2023,,192,0.0,4.0,3450.0,0,2
38740,2023,,192,0.0,4.0,3650.0,0,2
38741,2023,,456,0.0,6.0,2200.0,0,2
38757,2023,,484,0.0,5.0,2500.0,0,2
38758,2023,,419,0.0,7.0,1350.0,1,2
38769,2023,,330,0.0,5.0,2400.0,0,0
38770,2023,,61,0.0,5.0,2500.0,0,0
38771,2023,,487,0.0,4.0,3650.0,0,0
38787,2022,,488,10.0,10.0,900.0,3,2
38788,2023,,47,0.0,5.0,2400.0,0,2
38789,2023,,295,0.0,6.0,2250.0,0,2
38813,2023,,318,0.0,4.0,3650.0,0,0
38822,2023,,489,0.0,2.0,4650.0,0,1
38823,2023,,485,0.0,2.0,4350.0,0,0
38828,2023,,91,0.0,5.0,2600.0,0,0
38829,2023,,51,0.0,5.0,2950.0,0,2
38830,2023,,103,0.0,5.0,2950.0,0,2
38831,2023,,457,0.0,4.0,3250.0,0,2
38832,2023,,490,0.0,8.0,1200.0,1,2
38852,2023,,340,10.0,10.0,900.0,3,0
38861,2023,,491,9.0,10.0,850.0,3,2
38864,2023,,317,0.0,5.0,2850.0,0,0
38865,2023,,207,0.0,5.0,2700.0,0,0
38866,2023,,30,0.0,5.0,2400.0,0,2
38878,2023,,237,0.0,4.0,3100.0,0,1
38879,2023,,118,0.0,4.0,3250.0,0,1
38881,2023,,87,0.0,4.0,3250.0,0,1
38882,2023,,88,0.0,4.0,3250.0,0,1
38883,2023,,342,0.0,4.0,3450.0,0,1
38884,2023,,212,0.0,4.0,3450.0,0,1
38885,2023,,490,0.0,8.0,1100.0,1,2
38907,2023,,449,0.0,5.0,2850.0,0,0
38908,2023,,422,0.0,5.0,2600.0,0,0
38934,2023,,12,0.0,4.0,2950.0,1,0
38935,2023,,426,0.0,4.0,2950.0,1,0
38936,2023,,12,0.0,4.0,2800.0,1,0
38937,2023,,231,0.0,5.0,2300.0,1,0
38938,2023,,184,0.0,5.0,1950.0,1,2
40676,2016,,4,0.0,7.0,1700.0,1,2
40677,2016,,477,0.0,5.0,2850.0,0,0
40679,2016,,0,0.0,3.0,4100.0,0,0
40680,2016,,478,0.0,5.0,2850.0,0,2
40681,2016,,67,0.0,3.0,3850.0,0,2
40695,2016,,88,0.0,5.0,3100.0,0,1
40712,2016,,5,0.0,5.0,2850.0,0,1
40713,2016,,237,0.0,5.0,2950.0,0,1
40714,2016,,87,0.0,5.0,2850.0,0,1
40715,2016,,120,0.0,5.0,3100.0,0,1
40716,2016,,165,0.0,5.0,3100.0,0,1
40717,2016,,54,0.0,4.0,3250.0,0,1
40718,2016,,204,0.0,5.0,3100.0,0,1
40719,2016,,318,0.0,4.0,3650.0,0,2
40727,2016,,151,0.0,7.0,1700.0,1,2
40738,2016,,72,0.0,7.0,1900.0,1,0
40739,2016,,75,0.0,6.0,1950.0,1,0
40740,2016,,62,0.0,4.0,3250.0,0,0
40741,2016,,22,0.0,6.0,2500.0,0,0
40742,2016,,270,0.0,4.0,3250.0,0,2
40743,2016,,220,0.0,6.0,2500.0,0,2
40744,2016,,28,0.0,5.0,2850.0,0,2
40745,2016,,31,0.0,6.0,2600.0,0,2
40754,2016,,98,0.0,8.0,1650.0,1,2
40775,2016,,23,0.0,7.0,2350.0,0,0
40776,2016,,469,0.0,6.0,2400.0,0,2
40777,2016,,96,0.0,7.0,1750.0,1,2
40779,2016,,439,0.0,4.0,2650.0,1,2
40795,2016,,393,0.0,6.0,2500.0,0,0
40796,2016,,492,0.0,6.0,2500.0,0,0
40797,2016,,383,0.0,5.0,2700.0,0,0
40799,2016,,389,0.0,7.0,2350.0,0,2
40800,2016,,35,0.0,6.0,1950.0,1,2
40807,2016,,319,0.0,5.0,2850.0,0,0
40808,2016,,493,0.0,6.0,2400.0,0,0
40809,2016,,19,0.0,4.0,3250.0,0,2
40829,2016,,15,0.0,6.0,2050.0,1,2
40835,2016,,415,3.0,10.0,600.0,3,2
40848,2016,,268,0.0,3.0,3850.0,0,0
40849,2016,,51,0.0,5.0,3100.0,0,2
40850,2016,,102,0.0,5.0,2950.0,0,2
40851,2016,,103,0.0,5.0,3100.0,0,2
40852,2016,,479,0.0,2.0,4650.0,0,2
40866,2016,,367,0.0,4.0,3650.0,0,1
40867,2016,,494,0.0,6.0,2600.0,0,2
40889,2016,,45,0.0,6.0,2100.0,1,2
40890,2016,,45,0.0,6.0,2050.0,1,2
40898,2016,,495,5.0,10.0,2200.0,0,0
40899,2016,,46,0.0,5.0,3100.0,0,0
40921,2016,,251,0.0,8.0,1550.0,1,2
40926,2017,,465,7.0,10.0,650.0,3,0
40927,2017,,86,4.0,10.0,1250.0,1,2
44907,2024,,147,0.0,5.0,2400.0,0,0
44908,2024,,308,0.0,5.0,2700.0,0,0
44910,2024,,189,0.0,3.0,3850.0,0,0
44911,2024,,80,0.0,6.0,2050.0,0,0
44912,2024,,23,0.0,5.0,2400.0,0,0
44913,2024,,191,0.0,5.0,2500.0,0,0
44922,2024,,196,0.0,5.0,2500.0,0,0
44929,2023,,121,0.0,4.0,3250.0,0,1
44934,2024,,205,0.0,7.0,1250.0,1,2
44935,2024,,419,0.0,7.0,1350.0,1,2
